,Nexttoken
0,CgkIARih98aH3i4Q9dOJ3Jjwv_I7
1,CgkIARjg1JOH3i4Q9dOJ3Jjwv_I7
2,CgkIARik8rb_3S4Q9dOJ3Jjwv_I7
3,CgkIARih0M7f3S4Q9dOJ3Jjwv_I7
4,CgkIARiBiM3W3S4Q9dOJ3Jjwv_I7
5,CgkIARiAsp-33S4Q9dOJ3Jjwv_I7
6,CgkIARjhwby23S4Q9dOJ3Jjwv_I7
7,CgkIARjB6Jms3S4Q9dOJ3Jjwv_I7
8,CgkIARihl9qO3S4Q9dOJ3Jjwv_I7
9,CgkIARjh1d2N3S4Q9dOJ3Jjwv_I7
10,CgkIARjC8sfk3C4Q9dOJ3Jjwv_I7
11,CgkIARiEkMyT3C4Q9dOJ3Jjwv_I7
12,CgkIARjh3t2P3C4Q9dOJ3Jjwv_I7
13,CgkIARihheyN3C4Q9dOJ3Jjwv_I7
14,CgkIARjBv_KI3C4Q9dOJ3Jjwv_I7
15,CgkIARih8o3p2y4Q9dOJ3Jjwv_I7
16,CgkIARiBg43k2y4Q9dOJ3Jjwv_I7
17,CgkIARiBq8i-2y4Q9dOJ3Jjwv_I7
18,CgkIARjDoqiZ2y4Q9dOJ3Jjwv_I7
19,CgkIARih9LKX2y4Q9dOJ3Jjwv_I7
20,CgkIARjipI6X2y4Q9dOJ3Jjwv_I7
21,CgkIARiikeWR2y4Q9dOJ3Jjwv_I7
22,CgkIARiDz9WM2y4Q9dOJ3Jjwv_I7
23,CgkIARik2Ons2i4Q9dOJ3Jjwv_I7
24,CgkIARjiiMXs2i4Q9dOJ3Jjwv_I7
25,CgkIARjAquXo2i4Q9dOJ3Jjwv_I7
26,CgkIARjhuZi-2i4Q9dOJ3Jjwv_I7
27,CgkIARjB3_Tu2S4Q9dOJ3Jjwv_I7
28,CgkIARjhgKTt2S4Q9dOJ3Jjwv_I7
29,CgkIARiC4cfo2S4Q9dOJ3Jjwv_I7
30,CgkIARiBv4Xm2S4Q9dOJ3Jjwv_I7
31,CgkIARjB7MHG2S4Q9dOJ3Jjwv_I7
32,CgkIARiD-9rD2S4Q9dOJ3Jjwv_I7
33,CgkIARjB2KfD2S4Q9dOJ3Jjwv_I7
34,CgkIARiAorSi2S4Q9dOJ3Jjwv_I7
35,CgkIARjA-Kyi2S4Q9dOJ3Jjwv_I7
36,CgkIARjhiLuf2S4Q9dOJ3Jjwv_I7
37,CgkIARih1siZ2S4Q9dOJ3Jjwv_I7
38,CgkIARjixZiW2S4Q9dOJ3Jjwv_I7
39,CgkIARiCs9z32C4Q9dOJ3Jjwv_I7
40,CgkIARiA7vX22C4Q9dOJ3Jjwv_I7
41,CgkIARiBg_L12C4Q9dOJ3Jjwv_I7
42,CgkIARjBoqz02C4Q9dOJ3Jjwv_I7
43,CgkIARij4Jzv2C4Q9dOJ3Jjwv_I7
44,CgkIARihrbnr2C4Q9dOJ3Jjwv_I7
45,CgkIARjH7bHq2C4Q9dOJ3Jjwv_I7
46,CgkIARjBodHM2C4Q9dOJ3Jjwv_I7
47,CgkIARigibrF2C4Q9dOJ3Jjwv_I7
48,CgkIARjDhsvU1y4Q9dOJ3Jjwv_I7
49,CgkIARjh3rjU1y4Q9dOJ3Jjwv_I7
50,CgkIARil8MrT1y4Q9dOJ3Jjwv_I7
51,CgkIARiDleTR1y4Q9dOJ3Jjwv_I7
52,CgkIARjhw8rR1y4Q9dOJ3Jjwv_I7
53,CgkIARjjk-DP1y4Q9dOJ3Jjwv_I7
54,CgkIARjBqtHO1y4Q9dOJ3Jjwv_I7
55,CgkIARjBj-PL1y4Q9dOJ3Jjwv_I7
56,CgkIARjh2M2k1y4Q9dOJ3Jjwv_I7
57,CgkIARiBoJqj1y4Q9dOJ3Jjwv_I7
58,CgkIARiCz8-a1y4Q9dOJ3Jjwv_I7
59,CgkIARihqpD_1i4Q9dOJ3Jjwv_I7
60,CgkIARjB3OD-1i4Q9dOJ3Jjwv_I7
61,CgkIARig8br31i4Q9dOJ3Jjwv_I7
62,CgkIARiB8JDY1i4Q9dOJ3Jjwv_I7
63,CgkIARihtOTU1i4Q9dOJ3Jjwv_I7
64,CgkIARiBttnU1i4Q9dOJ3Jjwv_I7
65,CgkIARjhx7rL1i4Q9dOJ3Jjwv_I7
66,CgkIARiAtf6s1i4Q9dOJ3Jjwv_I7
67,CgkIARiB1amp1i4Q9dOJ3Jjwv_I7
68,CgkIARii2uKL1i4Q9dOJ3Jjwv_I7
69,CgkIARih-PaB1i4Q9dOJ3Jjwv_I7
70,CgkIARjBzJDY1S4Q9dOJ3Jjwv_I7
71,CgkIARihrMPV1S4Q9dOJ3Jjwv_I7
72,CgkIARjhz7K01S4Q9dOJ3Jjwv_I7
73,CgkIARjBn6as1S4Q9dOJ3Jjwv_I7
74,CgkIARiv2cL91C4Q9dOJ3Jjwv_I7
75,CgkIARiBgpHc1C4Q9dOJ3Jjwv_I7
76,CgkIARih4dLb1C4Q9dOJ3Jjwv_I7
77,CgkIARjBjYu61C4Q9dOJ3Jjwv_I7
78,CgkIARjg-9a01C4Q9dOJ3Jjwv_I7
79,CgkIARjhtbup1C4Q9dOJ3Jjwv_I7
80,CgkIARjFqeKM1C4Q9dOJ3Jjwv_I7
81,CgkIARiA5eyJ1C4Q9dOJ3Jjwv_I7
82,CgkIARiBmP3-0y4Q9dOJ3Jjwv_I7
83,CgkIARjAnKPd0y4Q9dOJ3Jjwv_I7
84,CgkIARjC0auP0y4Q9dOJ3Jjwv_I7
85,CgkIARjht8GO0y4Q9dOJ3Jjwv_I7
86,CgkIARjhwvCL0y4Q9dOJ3Jjwv_I7
87,CgkIARjB0--G0y4Q9dOJ3Jjwv_I7
88,CgkIARiB3q2G0y4Q9dOJ3Jjwv_I7
89,CgkIARjjlMqB0y4Q9dOJ3Jjwv_I7
90,CgkIARjhlMqB0y4Q9dOJ3Jjwv_I7
91,CgkIARjg_sXp0i4Q9dOJ3Jjwv_I7
92,CgkIARiB3-nk0i4Q9dOJ3Jjwv_I7
93,CgkIARjhnNrf0i4Q9dOJ3Jjwv_I7
94,CgkIARihwO_b0i4Q9dOJ3Jjwv_I7
95,CgkIARijvoXH0i4Q9dOJ3Jjwv_I7
96,CgkIARjhiJq_0i4Q9dOJ3Jjwv_I7
97,CgkIARiA84q80i4Q9dOJ3Jjwv_I7
98,CgkIARilw--x0i4Q9dOJ3Jjwv_I7
99,CgkIARji29Ww0i4Q9dOJ3Jjwv_I7
100,CgkIARjhmcKU0i4Q9dOJ3Jjwv_I7
101,CgkIARih_uKT0i4Q9dOJ3Jjwv_I7
102,CgkIARjigc2T0i4Q9dOJ3Jjwv_I7
103,CgkIARih2MWT0i4Q9dOJ3Jjwv_I7
104,CgkIARjhrePr0S4Q9dOJ3Jjwv_I7
105,CgkIARjBt47n0S4Q9dOJ3Jjwv_I7
106,CgkIARii3Kfl0S4Q9dOJ3Jjwv_I7
107,CgkIARjB3ufF0S4Q9dOJ3Jjwv_I7
108,CgkIARiB7KWb0S4Q9dOJ3Jjwv_I7
109,CgkIARjh49Tt0C4Q9dOJ3Jjwv_I7
110,CgkIARih4czp0C4Q9dOJ3Jjwv_I7
111,CgkIARiBn73k0C4Q9dOJ3Jjwv_I7
112,CgkIARigsem70C4Q9dOJ3Jjwv_I7
113,CgkIARiB4M-70C4Q9dOJ3Jjwv_I7
114,CgkIARiB4Kme0C4Q9dOJ3Jjwv_I7
115,CgkIARjh4Z6e0C4Q9dOJ3Jjwv_I7
116,CgkIARjBlOCb0C4Q9dOJ3Jjwv_I7
117,CgkIARjjtY-a0C4Q9dOJ3Jjwv_I7
118,CgkIARjhtY-a0C4Q9dOJ3Jjwv_I7
119,CgkIARihjIia0C4Q9dOJ3Jjwv_I7
120,CgkIARjBnJ3rzy4Q9dOJ3Jjwv_I7
121,CgkIARiB8PbLzy4Q9dOJ3Jjwv_I7
122,CgkIARjh_JrJzy4Q9dOJ3Jjwv_I7
123,CgkIARjBheTIzy4Q9dOJ3Jjwv_I7
124,CgkIARjC8cnFzy4Q9dOJ3Jjwv_I7
125,CgkIARij_8--zy4Q9dOJ3Jjwv_I7
126,CgkIARihm_qfzy4Q9dOJ3Jjwv_I7
127,CgkIARji79uZzy4Q9dOJ3Jjwv_I7
128,CgkIARjigpv1zi4Q9dOJ3Jjwv_I7
129,CgkIARjit8Lwzi4Q9dOJ3Jjwv_I7
130,CgkIARihmcTQzi4Q9dOJ3Jjwv_I7
131,CgkIARiBpujNzi4Q9dOJ3Jjwv_I7
132,CgkIARiBnf3Hzi4Q9dOJ3Jjwv_I7
133,CgkIARiB-7rFzi4Q9dOJ3Jjwv_I7
134,CgkIARjD_v6nzi4Q9dOJ3Jjwv_I7
135,CgkIARjhtYyhzi4Q9dOJ3Jjwv_I7
136,CgkIARijlff6zS4Q9dOJ3Jjwv_I7
137,CgkIARjB7eT6zS4Q9dOJ3Jjwv_I7
138,CgkIARjBmtb6zS4Q9dOJ3Jjwv_I7
139,CgkIARiB8c76zS4Q9dOJ3Jjwv_I7
140,CgkIARiF85LyzS4Q9dOJ3Jjwv_I7
141,CgkIARjB_8HazS4Q9dOJ3Jjwv_I7
142,CgkIARjh_5DSzS4Q9dOJ3Jjwv_I7
143,CgkIARjhrfL1zC4Q9dOJ3Jjwv_I7
144,CgkIARjh5JGuzC4Q9dOJ3Jjwv_I7
145,CgkIARjhh7aszC4Q9dOJ3Jjwv_I7
146,CgkIARiByvKizC4Q9dOJ3Jjwv_I7
147,CgkIARig8vWgzC4Q9dOJ3Jjwv_I7
148,CgkIARjhja-EzC4Q9dOJ3Jjwv_I7
149,CgkIARih5KeEzC4Q9dOJ3Jjwv_I7
150,CgkIARiBt5T-yy4Q9dOJ3Jjwv_I7
151,CgkIARih56fayy4Q9dOJ3Jjwv_I7
152,CgkIARjB9fizyy4Q9dOJ3Jjwv_I7
153,CgkIARihztexyy4Q9dOJ3Jjwv_I7
154,CgkIARiDwe-nyy4Q9dOJ3Jjwv_I7
155,CgkIARjBz4ilyy4Q9dOJ3Jjwv_I7
156,CgkIARiB3ZmJyy4Q9dOJ3Jjwv_I7
157,CgkIARjgyaCyyi4Q9dOJ3Jjwv_I7
158,CgkIARiBkqmPyi4Q9dOJ3Jjwv_I7
159,CgkIARjBhPKNyi4Q9dOJ3Jjwv_I7
160,CgkIARiBpKyMyi4Q9dOJ3Jjwv_I7
161,CgkIARjB96uKyi4Q9dOJ3Jjwv_I7
162,CgkIARjB7sCEyi4Q9dOJ3Jjwv_I7
163,CgkIARiBxbmEyi4Q9dOJ3Jjwv_I7
164,CgkIARjh_4rgyS4Q9dOJ3Jjwv_I7
165,CgkIARjh7NLYyS4Q9dOJ3Jjwv_I7
166,CgkIARjD687WyS4Q9dOJ3Jjwv_I7
167,CgkIARilhLG-yS4Q9dOJ3Jjwv_I7
168,CgkIARihlrS7yS4Q9dOJ3Jjwv_I7
169,CgkIARjB3YC6yS4Q9dOJ3Jjwv_I7
170,CgkIARjhiP25yS4Q9dOJ3Jjwv_I7
171,CgkIARiBpZywyS4Q9dOJ3Jjwv_I7
172,CgkIARjBqOCSyS4Q9dOJ3Jjwv_I7
173,CgkIARjh8I6NyS4Q9dOJ3Jjwv_I7
174,CgkIARiBsYeMyS4Q9dOJ3Jjwv_I7
175,CgkIARjCxvSIyS4Q9dOJ3Jjwv_I7
176,CgkIARig8rvpyC4Q9dOJ3Jjwv_I7
177,CgkIARjBnIPfyC4Q9dOJ3Jjwv_I7
178,CgkIARiBhP6WyC4Q9dOJ3Jjwv_I7
179,CgkIARjC-OTvxy4Q9dOJ3Jjwv_I7
180,CgkIARjil_3nxy4Q9dOJ3Jjwv_I7
181,CgkIARjB_oPlxy4Q9dOJ3Jjwv_I7
182,CgkIARjilcDExy4Q9dOJ3Jjwv_I7
183,CgkIARiBg6rDxy4Q9dOJ3Jjwv_I7
184,CgkIARjD9fLBxy4Q9dOJ3Jjwv_I7
185,CgkIARih1aW_xy4Q9dOJ3Jjwv_I7
186,CgkIARjDqvSfxy4Q9dOJ3Jjwv_I7
187,CgkIARiBnp-axy4Q9dOJ3Jjwv_I7
188,CgkIARjhwriYxy4Q9dOJ3Jjwv_I7
189,CgkIARihpv7vxi4Q9dOJ3Jjwv_I7
190,CgkIARiBh5Ppxi4Q9dOJ3Jjwv_I7
191,CgkIARjBgLDnxi4Q9dOJ3Jjwv_I7
192,CgkIARjAgIrKxi4Q9dOJ3Jjwv_I7
193,CgkIARiB89LIxi4Q9dOJ3Jjwv_I7
194,CgkIARjipZTGxi4Q9dOJ3Jjwv_I7
195,CgkIARjAgezFxi4Q9dOJ3Jjwv_I7
196,CgkIARjArt3Fxi4Q9dOJ3Jjwv_I7
197,CgkIARjCvIXFxi4Q9dOJ3Jjwv_I7
198,CgkIARiCk_7Exi4Q9dOJ3Jjwv_I7
199,CgkIARjC6fbExi4Q9dOJ3Jjwv_I7
200,CgkIARjilPPExi4Q9dOJ3Jjwv_I7
201,CgkIARihnZq-xi4Q9dOJ3Jjwv_I7
202,CgkIARjA_Lz0xS4Q9dOJ3Jjwv_I7
203,CgkIARjCiuzHxS4Q9dOJ3Jjwv_I7
204,CgkIARiBtdXDxS4Q9dOJ3Jjwv_I7
205,CgkIARjB0tKexS4Q9dOJ3Jjwv_I7
206,CgkIARihupX6xC4Q9dOJ3Jjwv_I7
207,CgkIARiDw975xC4Q9dOJ3Jjwv_I7
208,CgkIARjAxsj5xC4Q9dOJ3Jjwv_I7
209,CgkIARjB9f3wxC4Q9dOJ3Jjwv_I7
210,CgkIARiCq_DMxC4Q9dOJ3Jjwv_I7
211,CgkIARihu4WexC4Q9dOJ3Jjwv_I7
212,CgkIARihqeqrwy4Q9dOJ3Jjwv_I7
213,CgkIARiihK-nwy4Q9dOJ3Jjwv_I7
214,CgkIARjBrLKlwy4Q9dOJ3Jjwv_I7
215,CgkIARiC_pqdwy4Q9dOJ3Jjwv_I7
216,CgkIARjh5pKDwy4Q9dOJ3Jjwv_I7
217,CgkIARiD9uv1wi4Q9dOJ3Jjwv_I7
218,CgkIARjAz7fawi4Q9dOJ3Jjwv_I7
219,CgkIARjDnbbSwi4Q9dOJ3Jjwv_I7
220,CgkIARjhupGnwi4Q9dOJ3Jjwv_I7
221,CgkIARiD0Zj8wS4Q9dOJ3Jjwv_I7
222,CgkIARiijoCEwS4Q9dOJ3Jjwv_I7
223,CgkIARiEoZ3ZwC4Q9dOJ3Jjwv_I7
224,CgkIARijup2wwC4Q9dOJ3Jjwv_I7
225,CgkIARjA95ytwC4Q9dOJ3Jjwv_I7
226,CgkIARih0abovi4Q9dOJ3Jjwv_I7
227,CgkIARjh2afEvi4Q9dOJ3Jjwv_I7
228,CgkIARijnsq4vi4Q9dOJ3Jjwv_I7
229,CgkIARiE5oe1vi4Q9dOJ3Jjwv_I7
230,CgkIARjh_8uYvi4Q9dOJ3Jjwv_I7
231,CgkIARjiytGOvi4Q9dOJ3Jjwv_I7
232,CgkIARiBzZHvvS4Q9dOJ3Jjwv_I7
233,CgkIARih-I3vvS4Q9dOJ3Jjwv_I7
234,CgkIARjA192WvS4Q9dOJ3Jjwv_I7
235,CgkIARjB9OnzvC4Q9dOJ3Jjwv_I7
236,CgkIARih08HJvC4Q9dOJ3Jjwv_I7
237,CgkIARiF3IrJvC4Q9dOJ3Jjwv_I7
238,CgkIARjjq_7AvC4Q9dOJ3Jjwv_I7
239,CgkIARjBr5GbvC4Q9dOJ3Jjwv_I7
240,CgkIARiBg5GZvC4Q9dOJ3Jjwv_I7
241,CgkIARjBzJ34uy4Q9dOJ3Jjwv_I7
242,CgkIARjhsJzxuy4Q9dOJ3Jjwv_I7
243,CgkIARjh15vtuy4Q9dOJ3Jjwv_I7
244,CgkIARjhhI3tuy4Q9dOJ3Jjwv_I7
245,CgkIARiit4bHuy4Q9dOJ3Jjwv_I7
246,CgkIARjCwJqnuy4Q9dOJ3Jjwv_I7
247,CgkIARjD27Wbuy4Q9dOJ3Jjwv_I7
248,CgkIARjhvrPPui4Q9dOJ3Jjwv_I7
249,CgkIARiimKylui4Q9dOJ3Jjwv_I7
250,CgkIARihmeiDui4Q9dOJ3Jjwv_I7
251,CgkIARjB8dWDui4Q9dOJ3Jjwv_I7
252,CgkIARiByM6Dui4Q9dOJ3Jjwv_I7
253,CgkIARjBzfz6uS4Q9dOJ3Jjwv_I7
254,CgkIARjil5zeuS4Q9dOJ3Jjwv_I7
255,CgkIARjBzdbduS4Q9dOJ3Jjwv_I7
256,CgkIARiB_rHduS4Q9dOJ3Jjwv_I7
257,CgkIARjAteHcuS4Q9dOJ3Jjwv_I7
258,CgkIARiB7ZDcuS4Q9dOJ3Jjwv_I7
259,CgkIARjAgv7YuS4Q9dOJ3Jjwv_I7
260,CgkIARihsZHKuS4Q9dOJ3Jjwv_I7
261,CgkIARihmJSwuS4Q9dOJ3Jjwv_I7
262,CgkIARjAq8iguS4Q9dOJ3Jjwv_I7
263,CgkIARihjLf8uC4Q9dOJ3Jjwv_I7
264,CgkIARjAweiIuC4Q9dOJ3Jjwv_I7
265,CgkIARjA7tmIuC4Q9dOJ3Jjwv_I7
266,CgkIARiihq2DuC4Q9dOJ3Jjwv_I7
267,CgkIARih8pKAuC4Q9dOJ3Jjwv_I7
268,CgkIARihh-nhty4Q9dOJ3Jjwv_I7
269,CgkIARjAqJjgty4Q9dOJ3Jjwv_I7
270,CgkIARiAwKO3ty4Q9dOJ3Jjwv_I7
271,CgkIARjjzamwty4Q9dOJ3Jjwv_I7
272,CgkIARjCt7CDty4Q9dOJ3Jjwv_I7
273,CgkIARiCm_bati4Q9dOJ3Jjwv_I7
274,CgkIARjC9M_ntS4Q9dOJ3Jjwv_I7
275,CgkIARjC_efetS4Q9dOJ3Jjwv_I7
276,CgkIARjDqtnetS4Q9dOJ3Jjwv_I7
277,CgkIARjB18retS4Q9dOJ3Jjwv_I7
278,CgkIARiB0cG_tS4Q9dOJ3Jjwv_I7
279,CgkIARjBoqq3tS4Q9dOJ3Jjwv_I7
280,CgkIARiC9-WTtS4Q9dOJ3Jjwv_I7
281,CgkIARji58e6tC4Q9dOJ3Jjwv_I7
282,CgkIARiinZvNsy4Q9dOJ3Jjwv_I7
283,CgkIARjB-6fCsy4Q9dOJ3Jjwv_I7
284,CgkIARji7Mahsy4Q9dOJ3Jjwv_I7
285,CgkIARig4PGbsy4Q9dOJ3Jjwv_I7
286,CgkIARihq9H0si4Q9dOJ3Jjwv_I7
287,CgkIARjgn97qsi4Q9dOJ3Jjwv_I7
288,CgkIARiB98PRsi4Q9dOJ3Jjwv_I7
289,CgkIARji6PnLsi4Q9dOJ3Jjwv_I7
290,CgkIARjC-f-asi4Q9dOJ3Jjwv_I7
291,CgkIARjgrIz5sS4Q9dOJ3Jjwv_I7
292,CgkIARjBxN_zsS4Q9dOJ3Jjwv_I7
293,CgkIARiBm9jzsS4Q9dOJ3Jjwv_I7
294,CgkIARjhgpvPsS4Q9dOJ3Jjwv_I7
295,CgkIARjBp46wsS4Q9dOJ3Jjwv_I7
296,CgkIARjhhZulsS4Q9dOJ3Jjwv_I7
297,CgkIARjis-6gsS4Q9dOJ3Jjwv_I7
298,CgkIARjgxOmEsS4Q9dOJ3Jjwv_I7
299,CgkIARjgmNqAsS4Q9dOJ3Jjwv_I7
300,CgkIARiAqsr5sC4Q9dOJ3Jjwv_I7
301,CgkIARigyID2sC4Q9dOJ3Jjwv_I7
302,CgkIARiCtdPZsC4Q9dOJ3Jjwv_I7
303,CgkIARiA5erMsC4Q9dOJ3Jjwv_I7
304,CgkIARjh6_aosC4Q9dOJ3Jjwv_I7
305,CgkIARiiwLKFsC4Q9dOJ3Jjwv_I7
306,CgkIARjA__X5ry4Q9dOJ3Jjwv_I7
307,CgkIARjA9Kezry4Q9dOJ3Jjwv_I7
308,CgkIARjAg7mCry4Q9dOJ3Jjwv_I7
309,CgkIARiBu-iBry4Q9dOJ3Jjwv_I7
310,CgkIARigvajiri4Q9dOJ3Jjwv_I7
311,CgkIARij-MHhri4Q9dOJ3Jjwv_I7
312,CgkIARih-MHhri4Q9dOJ3Jjwv_I7
313,CgkIARiA9MTdri4Q9dOJ3Jjwv_I7
314,CgkIARjCvtnVri4Q9dOJ3Jjwv_I7
315,CgkIARihq6y5ri4Q9dOJ3Jjwv_I7
316,CgkIARjg3-K2ri4Q9dOJ3Jjwv_I7
317,CgkIARjg7Yq2ri4Q9dOJ3Jjwv_I7
318,CgkIARiEjMGyri4Q9dOJ3Jjwv_I7
319,CgkIARiggP-wri4Q9dOJ3Jjwv_I7
320,CgkIARiA0omvri4Q9dOJ3Jjwv_I7
321,CgkIARihtYCPri4Q9dOJ3Jjwv_I7
322,CgkIARiC-6aFri4Q9dOJ3Jjwv_I7
323,CgkIARjgzLGDri4Q9dOJ3Jjwv_I7
324,CgkIARiikYHprS4Q9dOJ3Jjwv_I7
325,CgkIARigyaHmrS4Q9dOJ3Jjwv_I7
326,CgkIARjg3_DerS4Q9dOJ3Jjwv_I7
327,CgkIARiCgaDdrS4Q9dOJ3Jjwv_I7
328,CgkIARiB6YuTrS4Q9dOJ3Jjwv_I7
329,CgkIARih7uqSrS4Q9dOJ3Jjwv_I7
330,CgkIARiAlOaMrS4Q9dOJ3Jjwv_I7
331,CgkIARjBmLKIrS4Q9dOJ3Jjwv_I7
332,CgkIARih5rvrrC4Q9dOJ3Jjwv_I7
333,CgkIARjhvLTrrC4Q9dOJ3Jjwv_I7
334,CgkIARjA0KzorC4Q9dOJ3Jjwv_I7
335,CgkIARjgl_nmrC4Q9dOJ3Jjwv_I7
336,CgkIARjApJ3krC4Q9dOJ3Jjwv_I7
337,CgkIARjAwO3irC4Q9dOJ3Jjwv_I7
338,CgkIARih8I_BrC4Q9dOJ3Jjwv_I7
339,CgkIARigzZi0rC4Q9dOJ3Jjwv_I7
340,CgkIARiAiqezrC4Q9dOJ3Jjwv_I7
341,CgkIARjhzIGZrC4Q9dOJ3Jjwv_I7
342,CgkIARjk0b6SrC4Q9dOJ3Jjwv_I7
343,CgkIARjghYSSrC4Q9dOJ3Jjwv_I7
344,CgkIARih8fiQrC4Q9dOJ3Jjwv_I7
345,CgkIARjBiNuNrC4Q9dOJ3Jjwv_I7
346,CgkIARjgt7KLrC4Q9dOJ3Jjwv_I7
347,CgkIARjgjvbrqy4Q9dOJ3Jjwv_I7
348,CgkIARih0rbkqy4Q9dOJ3Jjwv_I7
349,CgkIARjhxP_iqy4Q9dOJ3Jjwv_I7
350,CgkIARiC_qPiqy4Q9dOJ3Jjwv_I7
351,CgkIARiB4q3Gqy4Q9dOJ3Jjwv_I7
352,CgkIARiBj5_Gqy4Q9dOJ3Jjwv_I7
353,CgkIARjhvYXGqy4Q9dOJ3Jjwv_I7
354,CgkIARiA5dO5qy4Q9dOJ3Jjwv_I7
355,CgkIARjBsP7yqi4Q9dOJ3Jjwv_I7
356,CgkIARjhksDIqi4Q9dOJ3Jjwv_I7
357,CgkIARihpNLHqi4Q9dOJ3Jjwv_I7
358,CgkIARiAo87Fqi4Q9dOJ3Jjwv_I7
359,CgkIARjAprjFqi4Q9dOJ3Jjwv_I7
360,CgkIARjCwPG9qi4Q9dOJ3Jjwv_I7
361,CgkIARiBoZGiqi4Q9dOJ3Jjwv_I7
362,CgkIARjB94miqi4Q9dOJ3Jjwv_I7
363,CgkIARjhqdqhqi4Q9dOJ3Jjwv_I7
364,CgkIARih4Ymhqi4Q9dOJ3Jjwv_I7
365,CgkIARiB8aagqi4Q9dOJ3Jjwv_I7
366,CgkIARikyZSgqi4Q9dOJ3Jjwv_I7
367,CgkIARjh9vadqi4Q9dOJ3Jjwv_I7
368,CgkIARihze-dqi4Q9dOJ3Jjwv_I7
369,CgkIARjgucaYqi4Q9dOJ3Jjwv_I7
370,CgkIARjhwJqYqi4Q9dOJ3Jjwv_I7
371,CgkIARjj-436qS4Q9dOJ3Jjwv_I7
372,CgkIARjA4pT3qS4Q9dOJ3Jjwv_I7
373,CgkIARjljZH3qS4Q9dOJ3Jjwv_I7
374,CgkIARjgvt30qS4Q9dOJ3Jjwv_I7
375,CgkIARji5dzwqS4Q9dOJ3Jjwv_I7
376,CgkIARjg9ObrqS4Q9dOJ3Jjwv_I7
377,CgkIARjipbPpqS4Q9dOJ3Jjwv_I7
378,CgkIARiBxtrOqS4Q9dOJ3Jjwv_I7
379,CgkIARihy7nOqS4Q9dOJ3Jjwv_I7
380,CgkIARjhhsTLqS4Q9dOJ3Jjwv_I7
381,CgkIARiCrpK_qS4Q9dOJ3Jjwv_I7
382,CgkIARih_qOmqS4Q9dOJ3Jjwv_I7
383,CgkIARjBz-qXqS4Q9dOJ3Jjwv_I7
384,CgkIARihpozyqC4Q9dOJ3Jjwv_I7
385,CgkIARjAsr_xqC4Q9dOJ3Jjwv_I7
386,CgkIARjh2pzSqC4Q9dOJ3Jjwv_I7
387,CgkIARjG-cPMqC4Q9dOJ3Jjwv_I7
388,CgkIARjh6ojJqC4Q9dOJ3Jjwv_I7
389,CgkIARihwYHJqC4Q9dOJ3Jjwv_I7
390,CgkIARjgns7IqC4Q9dOJ3Jjwv_I7
391,CgkIARjhsNHFqC4Q9dOJ3Jjwv_I7
392,CgkIARjkt6XFqC4Q9dOJ3Jjwv_I7
393,CgkIARjh7r2pqC4Q9dOJ3Jjwv_I7
394,CgkIARjBha-oqC4Q9dOJ3Jjwv_I7
395,CgkIARjC4POjqC4Q9dOJ3Jjwv_I7
396,CgkIARiBzOiiqC4Q9dOJ3Jjwv_I7
397,CgkIARiirIyeqC4Q9dOJ3Jjwv_I7
398,CgkIARihuo6AqC4Q9dOJ3Jjwv_I7
399,CgkIARihz4r_py4Q9dOJ3Jjwv_I7
400,CgkIARjAp_j-py4Q9dOJ3Jjwv_I7
401,CgkIARiBk-39py4Q9dOJ3Jjwv_I7
402,CgkIARjhwdP9py4Q9dOJ3Jjwv_I7
403,CgkIARih8Jf3py4Q9dOJ3Jjwv_I7
404,CgkIARiAp7Typy4Q9dOJ3Jjwv_I7
405,CgkIARiA65Lapy4Q9dOJ3Jjwv_I7
406,CgkIARii4LLUpy4Q9dOJ3Jjwv_I7
407,CgkIARjDtafSpy4Q9dOJ3Jjwv_I7
408,CgkIARiC8bHPpy4Q9dOJ3Jjwv_I7
409,CgkIARjgktLLpy4Q9dOJ3Jjwv_I7
410,CgkIARig16Gxpy4Q9dOJ3Jjwv_I7
411,CgkIARii-6erpy4Q9dOJ3Jjwv_I7
412,CgkIARjCp4anpy4Q9dOJ3Jjwv_I7
413,CgkIARjhuo2mpy4Q9dOJ3Jjwv_I7
414,CgkIARjj2_vUpi4Q9dOJ3Jjwv_I7
415,CgkIARiikLLSpi4Q9dOJ3Jjwv_I7
416,CgkIARiB8L6ypi4Q9dOJ3Jjwv_I7
417,CgkIARiByqGypi4Q9dOJ3Jjwv_I7
418,CgkIARjBmqiupi4Q9dOJ3Jjwv_I7
419,CgkIARihodqnpi4Q9dOJ3Jjwv_I7
420,CgkIARjBoriMpi4Q9dOJ3Jjwv_I7
421,CgkIARjh-4eIpi4Q9dOJ3Jjwv_I7
422,CgkIARiBvICHpi4Q9dOJ3Jjwv_I7
423,CgkIARjhrbaBpi4Q9dOJ3Jjwv_I7
424,CgkIARjBtv-Api4Q9dOJ3Jjwv_I7
425,CgkIARjiju2Api4Q9dOJ3Jjwv_I7
426,CgkIARihnYb-pS4Q9dOJ3Jjwv_I7
427,CgkIARiFn9XgpS4Q9dOJ3Jjwv_I7
428,CgkIARigsafVpS4Q9dOJ3Jjwv_I7
429,CgkIARihxqPUpS4Q9dOJ3Jjwv_I7
430,CgkIARjhyY3UpS4Q9dOJ3Jjwv_I7
431,CgkIARijyfa4pS4Q9dOJ3Jjwv_I7
432,CgkIARiCpc64pS4Q9dOJ3Jjwv_I7
433,CgkIARjAm_K0pS4Q9dOJ3Jjwv_I7
434,CgkIARiC8uq0pS4Q9dOJ3Jjwv_I7
435,CgkIARiC9sWypS4Q9dOJ3Jjwv_I7
436,CgkIARihzJyspS4Q9dOJ3Jjwv_I7
437,CgkIARiB0saMpS4Q9dOJ3Jjwv_I7
438,CgkIARjAgqKMpS4Q9dOJ3Jjwv_I7
439,CgkIARjCy-OKpS4Q9dOJ3Jjwv_I7
440,CgkIARiht6eBpS4Q9dOJ3Jjwv_I7
441,CgkIARjhuuvjpC4Q9dOJ3Jjwv_I7
442,CgkIARjBw7TjpC4Q9dOJ3Jjwv_I7
443,CgkIARiilb_hpC4Q9dOJ3Jjwv_I7
444,CgkIARiB-OrgpC4Q9dOJ3Jjwv_I7
445,CgkIARiA5NDdpC4Q9dOJ3Jjwv_I7
446,CgkIARjhyfyypC4Q9dOJ3Jjwv_I7
447,CgkIARiB3r-QpC4Q9dOJ3Jjwv_I7
448,CgkIARjB79GPpC4Q9dOJ3Jjwv_I7
449,CgkIARii-rjpoy4Q9dOJ3Jjwv_I7
450,CgkIARiCjrHmoy4Q9dOJ3Jjwv_I7
451,CgkIARiC0J7loy4Q9dOJ3Jjwv_I7
452,CgkIARig-5rloy4Q9dOJ3Jjwv_I7
453,CgkIARiBxtHjoy4Q9dOJ3Jjwv_I7
454,CgkIARih_d7coy4Q9dOJ3Jjwv_I7
455,CgkIARigma_boy4Q9dOJ3Jjwv_I7
456,CgkIARjAktfEoy4Q9dOJ3Jjwv_I7
457,CgkIARiA3eu8oy4Q9dOJ3Jjwv_I7
458,CgkIARjB56m8oy4Q9dOJ3Jjwv_I7
459,CgkIARihm6eYoy4Q9dOJ3Jjwv_I7
460,CgkIARign4KWoy4Q9dOJ3Jjwv_I7
461,CgkIARiCy--Toy4Q9dOJ3Jjwv_I7
462,CgkIARjBxIySoy4Q9dOJ3Jjwv_I7
463,CgkIARjBhvqQoy4Q9dOJ3Jjwv_I7
464,CgkIARilvLSQoy4Q9dOJ3Jjwv_I7
465,CgkIARjgndyNoy4Q9dOJ3Jjwv_I7
466,CgkIARjixNuJoy4Q9dOJ3Jjwv_I7
467,CgkIARjAvN3qoi4Q9dOJ3Jjwv_I7
468,CgkIARiAk9bqoi4Q9dOJ3Jjwv_I7
469,CgkIARjhxvnjoi4Q9dOJ3Jjwv_I7
470,CgkIARiA2oDjoi4Q9dOJ3Jjwv_I7
471,CgkIARiioc3hoi4Q9dOJ3Jjwv_I7
472,CgkIARihr_Xgoi4Q9dOJ3Jjwv_I7
473,CgkIARjA3cTFoi4Q9dOJ3Jjwv_I7
474,CgkIARignq7Coi4Q9dOJ3Jjwv_I7
475,CgkIARji98y1oi4Q9dOJ3Jjwv_I7
476,CgkIARjBs9rvoS4Q9dOJ3Jjwv_I7
477,CgkIARjB3dLtoS4Q9dOJ3Jjwv_I7
478,CgkIARihwpzHoS4Q9dOJ3Jjwv_I7
479,CgkIARjBpbnEoS4Q9dOJ3Jjwv_I7
480,CgkIARjh0LXEoS4Q9dOJ3Jjwv_I7
481,CgkIARihp67EoS4Q9dOJ3Jjwv_I7
482,CgkIARihwee8oS4Q9dOJ3Jjwv_I7
483,CgkIARigw9iloS4Q9dOJ3Jjwv_I7
484,CgkIARihioOeoS4Q9dOJ3Jjwv_I7
485,CgkIARiBz8eYoS4Q9dOJ3Jjwv_I7
486,CgkIARiCqKL_oC4Q9dOJ3Jjwv_I7
487,CgkIARiBo5L3oC4Q9dOJ3Jjwv_I7
488,CgkIARjiiZn0oC4Q9dOJ3Jjwv_I7
489,CgkIARjAi470oC4Q9dOJ3Jjwv_I7
490,CgkIARjC6q3toC4Q9dOJ3Jjwv_I7
491,CgkIARiA3O7SoC4Q9dOJ3Jjwv_I7
492,CgkIARji28zMoC4Q9dOJ3Jjwv_I7
493,CgkIARjAgcjGoC4Q9dOJ3Jjwv_I7
494,CgkIARiChbLGoC4Q9dOJ3Jjwv_I7
495,CgkIARjA_7DAoC4Q9dOJ3Jjwv_I7
496,CgkIARjA7umhoC4Q9dOJ3Jjwv_I7
497,CgkIARiBjqSgoC4Q9dOJ3Jjwv_I7
498,CgkIARjB5JygoC4Q9dOJ3Jjwv_I7
499,CgkIARjhj5mgoC4Q9dOJ3Jjwv_I7
500,CgkIARiDu5WgoC4Q9dOJ3Jjwv_I7
501,CgkIARiBu5WgoC4Q9dOJ3Jjwv_I7
502,CgkIARjAu4aeoC4Q9dOJ3Jjwv_I7
503,CgkIARiBv_CdoC4Q9dOJ3Jjwv_I7
504,CgkIARiBzZidoC4Q9dOJ3Jjwv_I7
505,CgkIARih_Nelny4Q9dOJ3Jjwv_I7
506,CgkIARiBusigny4Q9dOJ3Jjwv_I7
507,CgkIARjA1uP_ni4Q9dOJ3Jjwv_I7
508,CgkIARjBn6X-ni4Q9dOJ3Jjwv_I7
509,CgkIARjAn6X-ni4Q9dOJ3Jjwv_I7
510,CgkIARjD18X7ni4Q9dOJ3Jjwv_I7
511,CgkIARiAlsn6ni4Q9dOJ3Jjwv_I7
512,CgkIARiBx5X4ni4Q9dOJ3Jjwv_I7
513,CgkIARjh2-_wni4Q9dOJ3Jjwv_I7
514,CgkIARjC8djWni4Q9dOJ3Jjwv_I7
515,CgkIARjgsdHVni4Q9dOJ3Jjwv_I7
516,CgkIARji3sLVni4Q9dOJ3Jjwv_I7
517,CgkIARiBu4vTni4Q9dOJ3Jjwv_I7
518,CgkIARjBkYTTni4Q9dOJ3Jjwv_I7
519,CgkIARjmvIDTni4Q9dOJ3Jjwv_I7
520,CgkIARigk_nSni4Q9dOJ3Jjwv_I7
521,CgkIARjCzJ3Sni4Q9dOJ3Jjwv_I7
522,CgkIARiBuJLRni4Q9dOJ3Jjwv_I7
523,CgkIARiiuvjOni4Q9dOJ3Jjwv_I7
524,CgkIARjBoI7Oni4Q9dOJ3Jjwv_I7
525,CgkIARihvtPMni4Q9dOJ3Jjwv_I7
526,CgkIARiAl7LKni4Q9dOJ3Jjwv_I7
527,CgkIARiE063Fni4Q9dOJ3Jjwv_I7
528,CgkIARihi8qrni4Q9dOJ3Jjwv_I7
529,CgkIARiA3dSpni4Q9dOJ3Jjwv_I7
530,CgkIARih5_Cini4Q9dOJ3Jjwv_I7
531,CgkIARiCr66fni4Q9dOJ3Jjwv_I7
532,CgkIARihu-Geni4Q9dOJ3Jjwv_I7
533,CgkIARjgytyXni4Q9dOJ3Jjwv_I7
534,CgkIARiBoeCCni4Q9dOJ3Jjwv_I7
535,CgkIARiAztGCni4Q9dOJ3Jjwv_I7
536,CgkIARiA_52Ani4Q9dOJ3Jjwv_I7
537,CgkIARjBntj-nS4Q9dOJ3Jjwv_I7
538,CgkIARiB4bb7nS4Q9dOJ3Jjwv_I7
539,CgkIARiB3r35nS4Q9dOJ3Jjwv_I7
540,CgkIARiAyqP2nS4Q9dOJ3Jjwv_I7
541,CgkIARigsJPYnS4Q9dOJ3Jjwv_I7
542,CgkIARii7qytnS4Q9dOJ3Jjwv_I7
543,CgkIARiC8KGtnS4Q9dOJ3Jjwv_I7
544,CgkIARjhw_CinS4Q9dOJ3Jjwv_I7
545,CgkIARjBkfqFnS4Q9dOJ3Jjwv_I7
546,CgkIARjD3_j9nC4Q9dOJ3Jjwv_I7
547,CgkIARigoOL6nC4Q9dOJ3Jjwv_I7
548,CgkIARiAwfrdnC4Q9dOJ3Jjwv_I7
549,CgkIARjhycPdnC4Q9dOJ3Jjwv_I7
550,CgkIARjhxLPVnC4Q9dOJ3Jjwv_I7
551,CgkIARjg_NPSnC4Q9dOJ3Jjwv_I7
552,CgkIARjhn_jQnC4Q9dOJ3Jjwv_I7
553,CgkIARjgsPO0nC4Q9dOJ3Jjwv_I7
554,CgkIARjBwJC0nC4Q9dOJ3Jjwv_I7
555,CgkIARjDgv6ynC4Q9dOJ3Jjwv_I7
556,CgkIARiC94qpnC4Q9dOJ3Jjwv_I7
557,CgkIARjA26uonC4Q9dOJ3Jjwv_I7
558,CgkIARiAy_uknC4Q9dOJ3Jjwv_I7
559,CgkIARiDnYKMnC4Q9dOJ3Jjwv_I7
560,CgkIARjgnveLnC4Q9dOJ3Jjwv_I7
561,CgkIARjhl9D9my4Q9dOJ3Jjwv_I7
562,CgkIARjB1N78my4Q9dOJ3Jjwv_I7
563,CgkIARjiuezimy4Q9dOJ3Jjwv_I7
564,CgkIARihqbzfmy4Q9dOJ3Jjwv_I7
565,CgkIARii74Tcmy4Q9dOJ3Jjwv_I7
566,CgkIARjBg-7Wmy4Q9dOJ3Jjwv_I7
567,CgkIARigzqTVmy4Q9dOJ3Jjwv_I7
568,CgkIARih5vO4my4Q9dOJ3Jjwv_I7
569,CgkIARjg5uS2my4Q9dOJ3Jjwv_I7
570,CgkIARigo9Gvmy4Q9dOJ3Jjwv_I7
571,CgkIARjj48zrmi4Q9dOJ3Jjwv_I7
572,CgkIARih4cTnmi4Q9dOJ3Jjwv_I7
573,CgkIARiilYrnmi4Q9dOJ3Jjwv_I7
574,CgkIARiD0_rhmi4Q9dOJ3Jjwv_I7
575,CgkIARiBr6HZmi4Q9dOJ3Jjwv_I7
576,CgkIARiB0b2-mi4Q9dOJ3Jjwv_I7
577,CgkIARjAw4a9mi4Q9dOJ3Jjwv_I7
578,CgkIARiAl4a7mi4Q9dOJ3Jjwv_I7
579,CgkIARiC8ei6mi4Q9dOJ3Jjwv_I7
580,CgkIARii6YG3mi4Q9dOJ3Jjwv_I7
581,CgkIARiAuJOzmi4Q9dOJ3Jjwv_I7
582,CgkIARjCsbCxmi4Q9dOJ3Jjwv_I7
583,CgkIARiA0vmcmi4Q9dOJ3Jjwv_I7
584,CgkIARiAxpWVmi4Q9dOJ3Jjwv_I7
585,CgkIARjB3vuTmi4Q9dOJ3Jjwv_I7
586,CgkIARjil6CTmi4Q9dOJ3Jjwv_I7
587,CgkIARiC79iImi4Q9dOJ3Jjwv_I7
588,CgkIARji96GImi4Q9dOJ3Jjwv_I7
589,CgkIARjBpoiImi4Q9dOJ3Jjwv_I7
590,CgkIARjhgOfwmS4Q9dOJ3Jjwv_I7
591,CgkIARjBkebrmS4Q9dOJ3Jjwv_I7
592,CgkIARij1cjqmS4Q9dOJ3Jjwv_I7
593,CgkIARjA9vfomS4Q9dOJ3Jjwv_I7
594,CgkIARiAr4nkmS4Q9dOJ3Jjwv_I7
595,CgkIARiC-MrimS4Q9dOJ3Jjwv_I7
596,CgkIARjirufdmS4Q9dOJ3Jjwv_I7
597,CgkIARjh78zDmS4Q9dOJ3Jjwv_I7
598,CgkIARjhhMnCmS4Q9dOJ3Jjwv_I7
599,CgkIARihtaTCmS4Q9dOJ3Jjwv_I7
600,CgkIARjBwKK3mS4Q9dOJ3Jjwv_I7
601,CgkIARihmPmbmS4Q9dOJ3Jjwv_I7
602,CgkIARih2ZLHmC4Q9dOJ3Jjwv_I7
603,CgkIARigtNfCmC4Q9dOJ3Jjwv_I7
604,CgkIARik8KygmC4Q9dOJ3Jjwv_I7
605,CgkIARiiwMKemC4Q9dOJ3Jjwv_I7
606,CgkIARjBptidmC4Q9dOJ3Jjwv_I7
607,CgkIARiCi_mcmC4Q9dOJ3Jjwv_I7
608,CgkIARjhnbyPmC4Q9dOJ3Jjwv_I7
609,CgkIARigpPnzly4Q9dOJ3Jjwv_I7
610,CgkIARjirrfzly4Q9dOJ3Jjwv_I7
611,CgkIARigv5Toly4Q9dOJ3Jjwv_I7
612,CgkIARjimejlly4Q9dOJ3Jjwv_I7
613,CgkIARjgjpPLly4Q9dOJ3Jjwv_I7
614,CgkIARiBjoDHly4Q9dOJ3Jjwv_I7
615,CgkIARjBx_O9ly4Q9dOJ3Jjwv_I7
616,CgkIARji9Of6li4Q9dOJ3Jjwv_I7
617,CgkIARihpcP6li4Q9dOJ3Jjwv_I7
618,CgkIARjC3uf5li4Q9dOJ3Jjwv_I7
619,CgkIARig053Kli4Q9dOJ3Jjwv_I7
620,CgkIARiAsLGoli4Q9dOJ3Jjwv_I7
621,CgkIARjh3peoli4Q9dOJ3Jjwv_I7
622,CgkIARiC99ugli4Q9dOJ3Jjwv_I7
623,CgkIARjFiO6fli4Q9dOJ3Jjwv_I7
624,CgkIARiCqYqali4Q9dOJ3Jjwv_I7
625,CgkIARiBgPSXli4Q9dOJ3Jjwv_I7
626,CgkIARjBy5f9lS4Q9dOJ3Jjwv_I7
627,CgkIARiAke_7lS4Q9dOJ3Jjwv_I7
628,CgkIARiisp76lS4Q9dOJ3Jjwv_I7
629,CgkIARih5uP5lS4Q9dOJ3Jjwv_I7
630,CgkIARjA0bbylS4Q9dOJ3Jjwv_I7
631,CgkIARih1-DSlS4Q9dOJ3Jjwv_I7
632,CgkIARiChsfSlS4Q9dOJ3Jjwv_I7
633,CgkIARijgdnQlS4Q9dOJ3Jjwv_I7
634,CgkIARigg53IlS4Q9dOJ3Jjwv_I7
635,CgkIARii3f_HlS4Q9dOJ3Jjwv_I7
636,CgkIARjDsvTFlS4Q9dOJ3Jjwv_I7
637,CgkIARiBp66tlS4Q9dOJ3Jjwv_I7
638,CgkIARiA2PqqlS4Q9dOJ3Jjwv_I7
639,CgkIARjgmOSnlS4Q9dOJ3Jjwv_I7
640,CgkIARiglMWdlS4Q9dOJ3Jjwv_I7
641,CgkIARjA_a2BlS4Q9dOJ3Jjwv_I7
642,CgkIARik7-P7lC4Q9dOJ3Jjwv_I7
643,CgkIARiA78H1lC4Q9dOJ3Jjwv_I7
644,CgkIARiitNiklC4Q9dOJ3Jjwv_I7
645,CgkIARign7aIlC4Q9dOJ3Jjwv_I7
646,CgkIARiG-42IlC4Q9dOJ3Jjwv_I7
647,CgkIARjj77yElC4Q9dOJ3Jjwv_I7
648,CgkIARjiwLT-ky4Q9dOJ3Jjwv_I7
649,CgkIARjgs-76ky4Q9dOJ3Jjwv_I7
650,CgkIARjC0Y3cky4Q9dOJ3Jjwv_I7
651,CgkIARiD0v7Zky4Q9dOJ3Jjwv_I7
652,CgkIARjggcfVky4Q9dOJ3Jjwv_I7
653,CgkIARiDloqzky4Q9dOJ3Jjwv_I7
654,CgkIARjjy8Syky4Q9dOJ3Jjwv_I7
655,CgkIARjiy8Syky4Q9dOJ3Jjwv_I7
656,CgkIARiB5Iirky4Q9dOJ3Jjwv_I7
657,CgkIARji8Kyoky4Q9dOJ3Jjwv_I7
658,CgkIARiAsaWnky4Q9dOJ3Jjwv_I7
659,CgkIARikiZOnky4Q9dOJ3Jjwv_I7
660,CgkIARjjpMyKky4Q9dOJ3Jjwv_I7
661,CgkIARiBkraJky4Q9dOJ3Jjwv_I7
662,CgkIARiEroaIky4Q9dOJ3Jjwv_I7
663,CgkIARiB5qaFky4Q9dOJ3Jjwv_I7
664,CgkIARjhmcr-ki4Q9dOJ3Jjwv_I7
665,CgkIARiAvszhki4Q9dOJ3Jjwv_I7
666,CgkIARjipNPeki4Q9dOJ3Jjwv_I7
667,CgkIARjl3dXXki4Q9dOJ3Jjwv_I7
668,CgkIARigjrHXki4Q9dOJ3Jjwv_I7
669,CgkIARjBraOyki4Q9dOJ3Jjwv_I7
670,CgkIARiA14SVki4Q9dOJ3Jjwv_I7
671,CgkIARjB1_WSki4Q9dOJ3Jjwv_I7
672,CgkIARiCh5yIki4Q9dOJ3Jjwv_I7
673,CgkIARjD-eSGki4Q9dOJ3Jjwv_I7
674,CgkIARjiud2Fki4Q9dOJ3Jjwv_I7
675,CgkIARjA5-jdkS4Q9dOJ3Jjwv_I7
676,CgkIARjB_cbYkS4Q9dOJ3Jjwv_I7
677,CgkIARjAs_3AkS4Q9dOJ3Jjwv_I7
678,CgkIARijkLe8kS4Q9dOJ3Jjwv_I7
679,CgkIARjivZm6kS4Q9dOJ3Jjwv_I7
680,CgkIARjAzpi1kS4Q9dOJ3Jjwv_I7
681,CgkIARiByLWzkS4Q9dOJ3Jjwv_I7
682,CgkIARiioKOzkS4Q9dOJ3Jjwv_I7
683,CgkIARiA5IWykS4Q9dOJ3Jjwv_I7
684,CgkIARihj4KykS4Q9dOJ3Jjwv_I7
685,CgkIARiBzJCxkS4Q9dOJ3Jjwv_I7
686,CgkIARjjksaUkS4Q9dOJ3Jjwv_I7
687,CgkIARiiyN6NkS4Q9dOJ3Jjwv_I7
688,CgkIARjB97WLkS4Q9dOJ3Jjwv_I7
689,CgkIARjh5YGGkS4Q9dOJ3Jjwv_I7
690,CgkIARiAsYPlkC4Q9dOJ3Jjwv_I7
691,CgkIARjCnrzbkC4Q9dOJ3Jjwv_I7
692,CgkIARjAoNq1kC4Q9dOJ3Jjwv_I7
693,CgkIARjh9aiWkC4Q9dOJ3Jjwv_I7
694,CgkIARjj25yPkC4Q9dOJ3Jjwv_I7
695,CgkIARiAh5mPkC4Q9dOJ3Jjwv_I7
696,CgkIARjBkdeOkC4Q9dOJ3Jjwv_I7
697,CgkIARiBqr2NkC4Q9dOJ3Jjwv_I7
698,CgkIARiD3Jj4jy4Q9dOJ3Jjwv_I7
699,CgkIARiAuoPnjy4Q9dOJ3Jjwv_I7
700,CgkIARjBpdLIjy4Q9dOJ3Jjwv_I7
701,CgkIARih24zIjy4Q9dOJ3Jjwv_I7
702,CgkIARji47PBjy4Q9dOJ3Jjwv_I7
703,CgkIARjh6ofBjy4Q9dOJ3Jjwv_I7
704,CgkIARiiisK_jy4Q9dOJ3Jjwv_I7
705,CgkIARjC_v-9jy4Q9dOJ3Jjwv_I7
706,CgkIARjBnqu6jy4Q9dOJ3Jjwv_I7
707,CgkIARjhsYycjy4Q9dOJ3Jjwv_I7
708,CgkIARjCz9Gajy4Q9dOJ3Jjwv_I7
709,CgkIARjikKyVjy4Q9dOJ3Jjwv_I7
710,CgkIARihre2Rjy4Q9dOJ3Jjwv_I7
711,CgkIARih17_yji4Q9dOJ3Jjwv_I7
712,CgkIARiikaTnji4Q9dOJ3Jjwv_I7
713,CgkIARiC9M_mji4Q9dOJ3Jjwv_I7
714,CgkIARiin8zmji4Q9dOJ3Jjwv_I7
715,CgkIARjCysjmji4Q9dOJ3Jjwv_I7
716,CgkIARjgisHlji4Q9dOJ3Jjwv_I7
717,CgkIARij1YLPji4Q9dOJ3Jjwv_I7
718,CgkIARiA1_fOji4Q9dOJ3Jjwv_I7
719,CgkIARiDq-jKji4Q9dOJ3Jjwv_I7
720,CgkIARjCiLXKji4Q9dOJ3Jjwv_I7
721,CgkIARihhLjGji4Q9dOJ3Jjwv_I7
722,CgkIARjh17fEji4Q9dOJ3Jjwv_I7
723,CgkIARiD6ae9ji4Q9dOJ3Jjwv_I7
724,CgkIARiA8Pu8ji4Q9dOJ3Jjwv_I7
725,CgkIARjCxvS8ji4Q9dOJ3Jjwv_I7
726,CgkIARihyOm8ji4Q9dOJ3Jjwv_I7
727,CgkIARihsuWkji4Q9dOJ3Jjwv_I7
728,CgkIARii5JOeji4Q9dOJ3Jjwv_I7
729,CgkIARjC7c2bji4Q9dOJ3Jjwv_I7
730,CgkIARjA_NeWji4Q9dOJ3Jjwv_I7
731,CgkIARjCy-zPjS4Q9dOJ3Jjwv_I7
732,CgkIARij5KHGjS4Q9dOJ3Jjwv_I7
733,CgkIARjCr9CWjS4Q9dOJ3Jjwv_I7
734,CgkIARjAkcP0jC4Q9dOJ3Jjwv_I7
735,CgkIARjgvaHwjC4Q9dOJ3Jjwv_I7
736,CgkIARig9t_cjC4Q9dOJ3Jjwv_I7
737,CgkIARjCuuDKjC4Q9dOJ3Jjwv_I7
738,CgkIARjh8cemjC4Q9dOJ3Jjwv_I7
739,CgkIARigkYn5iy4Q9dOJ3Jjwv_I7
740,CgkIARii0P31iy4Q9dOJ3Jjwv_I7
741,CgkIARihkePbiy4Q9dOJ3Jjwv_I7
742,CgkIARjijtvXiy4Q9dOJ3Jjwv_I7
743,CgkIARjC2b7Hiy4Q9dOJ3Jjwv_I7
744,CgkIARiBy_-siy4Q9dOJ3Jjwv_I7
745,CgkIARiBuM75ii4Q9dOJ3Jjwv_I7
746,CgkIARjirpvQii4Q9dOJ3Jjwv_I7
747,CgkIARjC5ZGuii4Q9dOJ3Jjwv_I7
748,CgkIARjgxbWpii4Q9dOJ3Jjwv_I7
749,CgkIARihl56hii4Q9dOJ3Jjwv_I7
750,CgkIARjg1t3-iS4Q9dOJ3Jjwv_I7
751,CgkIARjBkpHWiS4Q9dOJ3Jjwv_I7
752,CgkIARiCgKSviS4Q9dOJ3Jjwv_I7
753,CgkIARiioP_ZiC4Q9dOJ3Jjwv_I7
754,CgkIARjC0OXEiC4Q9dOJ3Jjwv_I7
755,CgkIARii6vy2iC4Q9dOJ3Jjwv_I7
756,CgkIARiggZeQiC4Q9dOJ3Jjwv_I7
757,CgkIARjC4pyHiC4Q9dOJ3Jjwv_I7
758,CgkIARih4tTjhy4Q9dOJ3Jjwv_I7
759,CgkIARihuvq_hy4Q9dOJ3Jjwv_I7
760,CgkIARiglb-7hy4Q9dOJ3Jjwv_I7
761,CgkIARjCnvm4hy4Q9dOJ3Jjwv_I7
762,CgkIARjgo7Kbhy4Q9dOJ3Jjwv_I7
763,CgkIARigp5ybhy4Q9dOJ3Jjwv_I7
764,CgkIARigj7XChi4Q9dOJ3Jjwv_I7
765,CgkIARiBncKPhi4Q9dOJ3Jjwv_I7
766,CgkIARjg8qeLhi4Q9dOJ3Jjwv_I7
767,CgkIARjBnLmchS4Q9dOJ3Jjwv_I7
768,CgkIARjg8a2ahS4Q9dOJ3Jjwv_I7
769,CgkIARih76WWhS4Q9dOJ3Jjwv_I7
770,CgkIARiBm5OUhS4Q9dOJ3Jjwv_I7
771,CgkIARji16GThS4Q9dOJ3Jjwv_I7
772,CgkIARjg9LuYhC4Q9dOJ3Jjwv_I7
773,CgkIARiByaj9gy4Q9dOJ3Jjwv_I7
774,CgkIARjB2rr8gy4Q9dOJ3Jjwv_I7
775,CgkIARigtpL8gy4Q9dOJ3Jjwv_I7
776,CgkIARjA7MTNgy4Q9dOJ3Jjwv_I7
777,CgkIARiC343Mgy4Q9dOJ3Jjwv_I7
778,CgkIARiAy82rgy4Q9dOJ3Jjwv_I7
779,CgkIARjC546ogy4Q9dOJ3Jjwv_I7
780,CgkIARiA--Segy4Q9dOJ3Jjwv_I7
781,CgkIARikwpLUgi4Q9dOJ3Jjwv_I7
782,CgkIARihovX_gS4Q9dOJ3Jjwv_I7
783,CgkIARjiqN_VgS4Q9dOJ3Jjwv_I7
784,CgkIARjEkt_UgS4Q9dOJ3Jjwv_I7
785,CgkIARji5LSzgS4Q9dOJ3Jjwv_I7
786,CgkIARjg4buxgS4Q9dOJ3Jjwv_I7
787,CgkIARiB0qWGgS4Q9dOJ3Jjwv_I7
788,CgkIARiFvouDgS4Q9dOJ3Jjwv_I7
789,CgkIARjC_I6CgS4Q9dOJ3Jjwv_I7
790,CgkIARjitu_fgC4Q9dOJ3Jjwv_I7
791,CgkIARiikcPdgC4Q9dOJ3Jjwv_I7
792,CgkIARih88Pj_y0Q9dOJ3Jjwv_I7
793,CgkIARiCkYni_y0Q9dOJ3Jjwv_I7
794,CgkIARjg8tm5_y0Q9dOJ3Jjwv_I7
795,CgkIARiiuZO0_y0Q9dOJ3Jjwv_I7
796,CgkIARjh2KeV_y0Q9dOJ3Jjwv_I7
797,CgkIARiCv72U_y0Q9dOJ3Jjwv_I7
798,CgkIARiAjNqQ_y0Q9dOJ3Jjwv_I7
799,CgkIARjAj8SQ_y0Q9dOJ3Jjwv_I7
800,CgkIARjCxOuL_y0Q9dOJ3Jjwv_I7
801,CgkIARiihdzc_i0Q9dOJ3Jjwv_I7
802,CgkIARjkvOW-_i0Q9dOJ3Jjwv_I7
803,CgkIARijvPuU_i0Q9dOJ3Jjwv_I7
804,CgkIARih3uqI_i0Q9dOJ3Jjwv_I7
805,CgkIARihjq_t_S0Q9dOJ3Jjwv_I7
806,CgkIARijoLLq_S0Q9dOJ3Jjwv_I7
807,CgkIARjChs-9_S0Q9dOJ3Jjwv_I7
808,CgkIARiB7bO0_S0Q9dOJ3Jjwv_I7
809,CgkIARiB9Ie0_S0Q9dOJ3Jjwv_I7
810,CgkIARiCoPGa_S0Q9dOJ3Jjwv_I7
811,CgkIARih5MSX_S0Q9dOJ3Jjwv_I7
812,CgkIARjiur2X_S0Q9dOJ3Jjwv_I7
813,CgkIARjh8KDx_C0Q9dOJ3Jjwv_I7
814,CgkIARjh0dfw_C0Q9dOJ3Jjwv_I7
815,CgkIARjB0NPu_C0Q9dOJ3Jjwv_I7
816,CgkIARiBheTO_C0Q9dOJ3Jjwv_I7
817,CgkIARjmofTC_C0Q9dOJ3Jjwv_I7
818,CgkIARjjofTC_C0Q9dOJ3Jjwv_I7
819,CgkIARihhP67_C0Q9dOJ3Jjwv_I7
820,CgkIARjih8Ke_C0Q9dOJ3Jjwv_I7
821,CgkIARihwpeR_C0Q9dOJ3Jjwv_I7
822,CgkIARih9rbz-y0Q9dOJ3Jjwv_I7
823,CgkIARig4snh-y0Q9dOJ3Jjwv_I7
824,CgkIARigkbOe-y0Q9dOJ3Jjwv_I7
825,CgkIARji_Ked-y0Q9dOJ3Jjwv_I7
826,CgkIARjgmryT-y0Q9dOJ3Jjwv_I7
827,CgkIARjg_eP7-i0Q9dOJ3Jjwv_I7
828,CgkIARjB5Or4-i0Q9dOJ3Jjwv_I7
829,CgkIARjClbf2-i0Q9dOJ3Jjwv_I7
830,CgkIARihi8ju-i0Q9dOJ3Jjwv_I7
831,CgkIARjixJXI-i0Q9dOJ3Jjwv_I7
832,CgkIARjAz_yh-i0Q9dOJ3Jjwv_I7
833,CgkIARjCj639-S0Q9dOJ3Jjwv_I7
834,CgkIARiC7fn8-S0Q9dOJ3Jjwv_I7
835,CgkIARjhuJL3-S0Q9dOJ3Jjwv_I7
836,CgkIARiBpL_S-S0Q9dOJ3Jjwv_I7
837,CgkIARiA_OuC-S0Q9dOJ3Jjwv_I7
838,CgkIARjCzPL--C0Q9dOJ3Jjwv_I7
839,CgkIARih4-P9-C0Q9dOJ3Jjwv_I7
840,CgkIARih2Zb8-C0Q9dOJ3Jjwv_I7
841,CgkIARjg3ID8-C0Q9dOJ3Jjwv_I7
842,CgkIARjA0Ynb-C0Q9dOJ3Jjwv_I7
843,CgkIARihybHZ-C0Q9dOJ3Jjwv_I7
844,CgkIARiiq8rU-C0Q9dOJ3Jjwv_I7
845,CgkIARjC-qax-C0Q9dOJ3Jjwv_I7
846,CgkIARiD0Z-x-C0Q9dOJ3Jjwv_I7
847,CgkIARiAstaw-C0Q9dOJ3Jjwv_I7
848,CgkIARiiw8ap-C0Q9dOJ3Jjwv_I7
849,CgkIARjh4oCo-C0Q9dOJ3Jjwv_I7
850,CgkIARjh_tCm-C0Q9dOJ3Jjwv_I7
851,CgkIARii-MeH-C0Q9dOJ3Jjwv_I7
852,CgkIARjk9Ir59y0Q9dOJ3Jjwv_I7
853,CgkIARjA2ond9y0Q9dOJ3Jjwv_I7
854,CgkIARjC_o_X9y0Q9dOJ3Jjwv_I7
855,CgkIARjjqYzX9y0Q9dOJ3Jjwv_I7
856,CgkIARiC1YjX9y0Q9dOJ3Jjwv_I7
857,CgkIARijgIXX9y0Q9dOJ3Jjwv_I7
858,CgkIARjAg83Q9y0Q9dOJ3Jjwv_I7
859,CgkIARiC5oqP9y0Q9dOJ3Jjwv_I7
860,CgkIARiA3L2N9y0Q9dOJ3Jjwv_I7
861,CgkIARjh3pSJ9y0Q9dOJ3Jjwv_I7
862,CgkIARjjzfrb9i0Q9dOJ3Jjwv_I7
863,CgkIARiB-fbb9i0Q9dOJ3Jjwv_I7
864,CgkIARjB08rZ9i0Q9dOJ3Jjwv_I7
865,CgkIARjC-e6t9i0Q9dOJ3Jjwv_I7
866,CgkIARjEssuJ9i0Q9dOJ3Jjwv_I7
867,CgkIARjinfjk9S0Q9dOJ3Jjwv_I7
868,CgkIARjCi9Ph9S0Q9dOJ3Jjwv_I7
869,CgkIARih_K209S0Q9dOJ3Jjwv_I7
870,CgkIARiE3OCx9S0Q9dOJ3Jjwv_I7
871,CgkIARjCrtiW9S0Q9dOJ3Jjwv_I7
872,CgkIARjA1sDi9C0Q9dOJ3Jjwv_I7
873,CgkIARiA1fS89C0Q9dOJ3Jjwv_I7
874,CgkIARjBxaa19C0Q9dOJ3Jjwv_I7
875,CgkIARjipaST9C0Q9dOJ3Jjwv_I7
876,CgkIARjhg-nk8y0Q9dOJ3Jjwv_I7
877,CgkIARjBlMLC8y0Q9dOJ3Jjwv_I7
878,CgkIARih6cyW8y0Q9dOJ3Jjwv_I7
879,CgkIARiDxoaS8y0Q9dOJ3Jjwv_I7
880,CgkIARjix_uR8y0Q9dOJ3Jjwv_I7
881,CgkIARiAjPz_8i0Q9dOJ3Jjwv_I7
882,CgkIARigpoTw8i0Q9dOJ3Jjwv_I7
883,CgkIARig-7ee8i0Q9dOJ3Jjwv_I7
884,CgkIARjirPzt8S0Q9dOJ3Jjwv_I7
885,CgkIARiB5vrP8S0Q9dOJ3Jjwv_I7
886,CgkIARjilcPL8S0Q9dOJ3Jjwv_I7
887,CgkIARjC_8LK8S0Q9dOJ3Jjwv_I7
888,CgkIARiDo9jG8S0Q9dOJ3Jjwv_I7
889,CgkIARii-8ya8S0Q9dOJ3Jjwv_I7
890,CgkIARjhv8nx8C0Q9dOJ3Jjwv_I7
891,CgkIARiC3YX97y0Q9dOJ3Jjwv_I7
892,CgkIARjhzP7T7y0Q9dOJ3Jjwv_I7
893,CgkIARiCuu-m7y0Q9dOJ3Jjwv_I7
894,CgkIARihiJf57i0Q9dOJ3Jjwv_I7
895,CgkIARigj-Gr7S0Q9dOJ3Jjwv_I7
896,CgkIARjgw5797C0Q9dOJ3Jjwv_I7
897,CgkIARiA-cHh7C0Q9dOJ3Jjwv_I7
898,CgkIARjh29y_6y0Q9dOJ3Jjwv_I7
899,CgkIARjC9c2U6y0Q9dOJ3Jjwv_I7
900,CgkIARig2eLj6i0Q9dOJ3Jjwv_I7
901,CgkIARjgr9vj6i0Q9dOJ3Jjwv_I7
902,CgkIARiks8Xj6i0Q9dOJ3Jjwv_I7
903,CgkIARjgtq_j6i0Q9dOJ3Jjwv_I7
904,CgkIARjA-7yf6S0Q9dOJ3Jjwv_I7
905,CgkIARjBl42e6S0Q9dOJ3Jjwv_I7
906,CgkIARjkqpSd6S0Q9dOJ3Jjwv_I7
907,CgkIARihoaCk6C0Q9dOJ3Jjwv_I7
908,CgkIARijj8qY6C0Q9dOJ3Jjwv_I7
909,CgkIARiAmJOY6C0Q9dOJ3Jjwv_I7
910,CgkIARiB2LLS5i0Q9dOJ3Jjwv_I7
911,CgkIARiBoJmp5i0Q9dOJ3Jjwv_I7
912,CgkIARji3Keo5i0Q9dOJ3Jjwv_I7
913,CgkIARjijtah5i0Q9dOJ3Jjwv_I7
914,CgkIARiAtKnf5C0Q9dOJ3Jjwv_I7
915,CgkIARjAxI2o5C0Q9dOJ3Jjwv_I7
916,CgkIARiC_JaK5C0Q9dOJ3Jjwv_I7
917,CgkIARiAybra4y0Q9dOJ3Jjwv_I7
918,CgkIARjihtjG4y0Q9dOJ3Jjwv_I7
919,CgkIARihr6q84y0Q9dOJ3Jjwv_I7
920,CgkIARiAhNut4y0Q9dOJ3Jjwv_I7
921,CgkIARjgwOms4y0Q9dOJ3Jjwv_I7
922,CgkIARigs_SY4i0Q9dOJ3Jjwv_I7
923,CgkIARjgv_aP4i0Q9dOJ3Jjwv_I7
924,CgkIARij8NGP4i0Q9dOJ3Jjwv_I7
925,CgkIARigr83g4S0Q9dOJ3Jjwv_I7
926,CgkIARjjk8jC4S0Q9dOJ3Jjwv_I7
927,CgkIARjA6_G14S0Q9dOJ3Jjwv_I7
928,CgkIARji8YyU4S0Q9dOJ3Jjwv_I7
929,CgkIARiC_KiN4S0Q9dOJ3Jjwv_I7
930,CgkIARij1JaN4S0Q9dOJ3Jjwv_I7
931,CgkIARihrf-b4C0Q9dOJ3Jjwv_I7
932,CgkIARiiyc-a4C0Q9dOJ3Jjwv_I7
933,CgkIARig3suZ4C0Q9dOJ3Jjwv_I7
934,CgkIARjg-9r33C0Q9dOJ3Jjwv_I7
935,CgkIARjDqpjh2i0Q9dOJ3Jjwv_I7
936,CgkIARjBy6XZ2i0Q9dOJ3Jjwv_I7
937,CgkIARjg9NCb1y0Q9dOJ3Jjwv_I7
938,CgkIARiho_2f1i0Q9dOJ3Jjwv_I7
939,CgkIARii1NTM0y0Q9dOJ3Jjwv_I7
940,CgkIARjiiorb0i0Q9dOJ3Jjwv_I7
941,CgkIARiD88SI0i0Q9dOJ3Jjwv_I7
942,CgkIARiB8a2C0i0Q9dOJ3Jjwv_I7
943,CgkIARji1rj3yi0Q9dOJ3Jjwv_I7
944,CgkIARjApcf6yC0Q9dOJ3Jjwv_I7
945,CgkIARiA8tOvyC0Q9dOJ3Jjwv_I7
946,CgkIARjh_oLcxS0Q9dOJ3Jjwv_I7
947,CgkIARihycuZxS0Q9dOJ3Jjwv_I7
948,CgkIARiCho7exC0Q9dOJ3Jjwv_I7
949,CgkIARihoaLCwi0Q9dOJ3Jjwv_I7
950,CgkIARigyqDPwS0Q9dOJ3Jjwv_I7
951,CgkIARjirIWNvS0Q9dOJ3Jjwv_I7
952,CgkIARihg_6MvS0Q9dOJ3Jjwv_I7
953,CgkIARjBguuIvS0Q9dOJ3Jjwv_I7
954,CgkIARiDuaCXvC0Q9dOJ3Jjwv_I7
955,CgkIARjgoqCWvC0Q9dOJ3Jjwv_I7
956,CgkIARjj1uWVvC0Q9dOJ3Jjwv_I7
957,CgkIARjhwLSMvC0Q9dOJ3Jjwv_I7
958,CgkIARjiz-v4uy0Q9dOJ3Jjwv_I7
959,CgkIARjjlsq2uy0Q9dOJ3Jjwv_I7
960,CgkIARiBxafDui0Q9dOJ3Jjwv_I7
961,CgkIARjCyJHDui0Q9dOJ3Jjwv_I7
962,CgkIARjA4-D8uS0Q9dOJ3Jjwv_I7
963,CgkIARjCkNL8uS0Q9dOJ3Jjwv_I7
964,CgkIARignJ-tty0Q9dOJ3Jjwv_I7
965,CgkIARjAyeb4ti0Q9dOJ3Jjwv_I7
966,CgkIARihgN3Wti0Q9dOJ3Jjwv_I7
967,CgkIARig7KretS0Q9dOJ3Jjwv_I7
968,CgkIARjDtZW3tS0Q9dOJ3Jjwv_I7
969,CgkIARihlJr-tC0Q9dOJ3Jjwv_I7
970,CgkIARih7MO1si0Q9dOJ3Jjwv_I7
971,CgkIARihmNqNsi0Q9dOJ3Jjwv_I7
972,CgkIARjBxJnAsS0Q9dOJ3Jjwv_I7
973,CgkIARih5pOfsS0Q9dOJ3Jjwv_I7
974,CgkIARig6a_Fry0Q9dOJ3Jjwv_I7
975,CgkIARjCm_b3rS0Q9dOJ3Jjwv_I7
976,CgkIARjgn83erS0Q9dOJ3Jjwv_I7
977,CgkIARjhmsSqrS0Q9dOJ3Jjwv_I7
978,CgkIARihno_hrC0Q9dOJ3Jjwv_I7
979,CgkIARig0tTgrC0Q9dOJ3Jjwv_I7
980,CgkIARihs4vgrC0Q9dOJ3Jjwv_I7
981,CgkIARjikIylrC0Q9dOJ3Jjwv_I7
982,CgkIARjhvPzfqy0Q9dOJ3Jjwv_I7
983,CgkIARiE04O1qy0Q9dOJ3Jjwv_I7
984,CgkIARjB6Ni8qi0Q9dOJ3Jjwv_I7
985,CgkIARigjJ7nqS0Q9dOJ3Jjwv_I7
986,CgkIARjCk6npqC0Q9dOJ3Jjwv_I7
987,CgkIARjh862bqC0Q9dOJ3Jjwv_I7
988,CgkIARjgzLXzpy0Q9dOJ3Jjwv_I7
989,CgkIARig4M3Xpi0Q9dOJ3Jjwv_I7
990,CgkIARjgqvD3pS0Q9dOJ3Jjwv_I7
991,CgkIARijpfbFpS0Q9dOJ3Jjwv_I7
992,CgkIARiAk6ulpS0Q9dOJ3Jjwv_I7
993,CgkIARiB2Jj6pC0Q9dOJ3Jjwv_I7
994,CgkIARjCvZv1pC0Q9dOJ3Jjwv_I7
995,CgkIARjhq-fvpC0Q9dOJ3Jjwv_I7
996,CgkIARjB1JaFpC0Q9dOJ3Jjwv_I7
997,CgkIARjCqen8oy0Q9dOJ3Jjwv_I7
998,CgkIARjAh4ixoy0Q9dOJ3Jjwv_I7
999,CgkIARiD9cCnoy0Q9dOJ3Jjwv_I7
1000,CgkIARiAkZGmoy0Q9dOJ3Jjwv_I7
1001,CgkIARjg8J2Goy0Q9dOJ3Jjwv_I7
1002,CgkIARjC9u2Doy0Q9dOJ3Jjwv_I7
1003,CgkIARjCjKbhoi0Q9dOJ3Jjwv_I7
1004,CgkIARiBjOLUoi0Q9dOJ3Jjwv_I7
1005,CgkIARjj3eKFoS0Q9dOJ3Jjwv_I7
1006,CgkIARjjiczsoC0Q9dOJ3Jjwv_I7
1007,CgkIARih2v_ZoC0Q9dOJ3Jjwv_I7
1008,CgkIARiB3PTZoC0Q9dOJ3Jjwv_I7
1009,CgkIARjDsu3ZoC0Q9dOJ3Jjwv_I7
1010,CgkIARjDgfu-oC0Q9dOJ3Jjwv_I7
1011,CgkIARjBn4-1oC0Q9dOJ3Jjwv_I7
1012,CgkIARjg1Lntny0Q9dOJ3Jjwv_I7
1013,CgkIARiBvZe_nS0Q9dOJ3Jjwv_I7
1014,CgkIARigzK-mmi0Q9dOJ3Jjwv_I7
1015,CgkIARiBluyzmS0Q9dOJ3Jjwv_I7
1016,CgkIARiC95GSmC0Q9dOJ3Jjwv_I7
1017,CgkIARjiz4WMly0Q9dOJ3Jjwv_I7
1018,CgkIARiB1eSLly0Q9dOJ3Jjwv_I7
1019,CgkIARiiyaKKly0Q9dOJ3Jjwv_I7
1020,CgkIARihlo-clS0Q9dOJ3Jjwv_I7
1021,CgkIARjEnYz2lC0Q9dOJ3Jjwv_I7
1022,CgkIARjgmej6ky0Q9dOJ3Jjwv_I7
1023,CgkIARjih5Lvky0Q9dOJ3Jjwv_I7
1024,CgkIARjAj4DHky0Q9dOJ3Jjwv_I7
1025,CgkIARik5N2pky0Q9dOJ3Jjwv_I7
1026,CgkIARiB-_uZky0Q9dOJ3Jjwv_I7
1027,CgkIARjBhbqZky0Q9dOJ3Jjwv_I7
1028,CgkIARii67j9ki0Q9dOJ3Jjwv_I7
1029,CgkIARjAodPZkS0Q9dOJ3Jjwv_I7
1030,CgkIARihneGEjy0Q9dOJ3Jjwv_I7
1031,CgkIARii953nji0Q9dOJ3Jjwv_I7
1032,CgkIARig7-6_ji0Q9dOJ3Jjwv_I7
1033,CgkIARigi7--ji0Q9dOJ3Jjwv_I7
1034,CgkIARjlrZXjjC0Q9dOJ3Jjwv_I7
1035,CgkIARjkk-qSjC0Q9dOJ3Jjwv_I7
1036,CgkIARjhzoOSjC0Q9dOJ3Jjwv_I7
1037,CgkIARjAnI31iy0Q9dOJ3Jjwv_I7
1038,CgkIARiky_P0iy0Q9dOJ3Jjwv_I7
1039,CgkIARjA9u_0iy0Q9dOJ3Jjwv_I7
1040,CgkIARig6P_Riy0Q9dOJ3Jjwv_I7
1041,CgkIARjAqJShii0Q9dOJ3Jjwv_I7
1042,CgkIARjBy5nWiS0Q9dOJ3Jjwv_I7
1043,CgkIARih1OLViS0Q9dOJ3Jjwv_I7
1044,CgkIARjjiretiS0Q9dOJ3Jjwv_I7
1045,CgkIARiCkJatiS0Q9dOJ3Jjwv_I7
1046,CgkIARiDlsPKiC0Q9dOJ3Jjwv_I7
1047,CgkIARig66anhy0Q9dOJ3Jjwv_I7
1048,CgkIARiC55iChi0Q9dOJ3Jjwv_I7
1049,CgkIARiAuo-NhS0Q9dOJ3Jjwv_I7
1050,CgkIARjA_86WhC0Q9dOJ3Jjwv_I7
1051,CgkIARjBqJKKhC0Q9dOJ3Jjwv_I7
1052,CgkIARjAk_Dtgy0Q9dOJ3Jjwv_I7
1053,CgkIARihs4C4gy0Q9dOJ3Jjwv_I7
1054,CgkIARiCm532gi0Q9dOJ3Jjwv_I7
1055,CgkIARih87fngi0Q9dOJ3Jjwv_I7
1056,CgkIARjhybDngi0Q9dOJ3Jjwv_I7
1057,CgkIARjk39ejgS0Q9dOJ3Jjwv_I7
1058,CgkIARjD7eTwgC0Q9dOJ3Jjwv_I7
1059,CgkIARjBnqeh_ywQ9dOJ3Jjwv_I7
1060,CgkIARigtfnW_iwQ9dOJ3Jjwv_I7
1061,CgkIARiAvKvQ_iwQ9dOJ3Jjwv_I7
1062,CgkIARjB9rSI_iwQ9dOJ3Jjwv_I7
1063,CgkIARii_5KE_SwQ9dOJ3Jjwv_I7
1064,CgkIARjghKKy_CwQ9dOJ3Jjwv_I7
1065,CgkIARig6OeJ_CwQ9dOJ3Jjwv_I7
1066,CgkIARihj924-iwQ9dOJ3Jjwv_I7
1067,CgkIARiBmICb-iwQ9dOJ3Jjwv_I7
1068,CgkIARjjtOrx-SwQ9dOJ3Jjwv_I7
1069,CgkIARjg76aV-CwQ9dOJ3Jjwv_I7
1070,CgkIARjiwbTQ9ywQ9dOJ3Jjwv_I7
1071,CgkIARiAkZGt9ywQ9dOJ3Jjwv_I7
1072,CgkIARiAkZ_V9iwQ9dOJ3Jjwv_I7
1073,CgkIARiijvye9iwQ9dOJ3Jjwv_I7
1074,CgkIARij8dfM9SwQ9dOJ3Jjwv_I7
1075,CgkIARjCnNTM9SwQ9dOJ3Jjwv_I7
1076,CgkIARiit4GA9SwQ9dOJ3Jjwv_I7
1077,CgkIARjBrKH69CwQ9dOJ3Jjwv_I7
1078,CgkIARjDiKmo9CwQ9dOJ3Jjwv_I7
1079,CgkIARiAsuvB8ywQ9dOJ3Jjwv_I7
1080,CgkIARjAk_T18iwQ9dOJ3Jjwv_I7
1081,CgkIARiBjb7l8iwQ9dOJ3Jjwv_I7
1082,CgkIARjBg-Lh8iwQ9dOJ3Jjwv_I7
1083,CgkIARjgkaKa8SwQ9dOJ3Jjwv_I7
1084,CgkIARig2qbg8CwQ9dOJ3Jjwv_I7
1085,CgkIARjAq4mi7ywQ9dOJ3Jjwv_I7
1086,CgkIARiD0OHQ7iwQ9dOJ3Jjwv_I7
1087,CgkIARjj0dbQ7iwQ9dOJ3Jjwv_I7
1088,CgkIARigiujL7iwQ9dOJ3Jjwv_I7
1089,CgkIARjCw_TV7SwQ9dOJ3Jjwv_I7
1090,CgkIARiDpf2J7SwQ9dOJ3Jjwv_I7
1091,CgkIARiB-fTZ7CwQ9dOJ3Jjwv_I7
1092,CgkIARjCiofZ7CwQ9dOJ3Jjwv_I7
1093,CgkIARiiy-aI6ywQ9dOJ3Jjwv_I7
1094,CgkIARjAwsr66iwQ9dOJ3Jjwv_I7
1095,CgkIARjAuvW16iwQ9dOJ3Jjwv_I7
1096,CgkIARjAwcm16iwQ9dOJ3Jjwv_I7
1097,CgkIARiB2emI6SwQ9dOJ3Jjwv_I7
1098,CgkIARji-YHs6CwQ9dOJ3Jjwv_I7
1099,CgkIARjD0YyW6CwQ9dOJ3Jjwv_I7
1100,CgkIARjhz6W-5ywQ9dOJ3Jjwv_I7
1101,CgkIARigqMrA5iwQ9dOJ3Jjwv_I7
1102,CgkIARiB_Ji25iwQ9dOJ3Jjwv_I7
1103,CgkIARjBhov75SwQ9dOJ3Jjwv_I7
1104,CgkIARig6_rx5SwQ9dOJ3Jjwv_I7
1105,CgkIARjhsY7P5SwQ9dOJ3Jjwv_I7
1106,CgkIARjD-JbB5SwQ9dOJ3Jjwv_I7
1107,CgkIARiBjoS-5SwQ9dOJ3Jjwv_I7
1108,CgkIARjBmuCX5SwQ9dOJ3Jjwv_I7
1109,CgkIARjB98Lt5CwQ9dOJ3Jjwv_I7
1110,CgkIARiA7LCa5CwQ9dOJ3Jjwv_I7
1111,CgkIARijo5j24ywQ9dOJ3Jjwv_I7
1112,CgkIARjAqPf14ywQ9dOJ3Jjwv_I7
1113,CgkIARjh0_P14ywQ9dOJ3Jjwv_I7
1114,CgkIARiC1KOk4ywQ9dOJ3Jjwv_I7
1115,CgkIARjj2fOh4ywQ9dOJ3Jjwv_I7
1116,CgkIARiBuK2I4ywQ9dOJ3Jjwv_I7
1117,CgkIARjBjIW14SwQ9dOJ3Jjwv_I7
1118,CgkIARiDqPLd4CwQ9dOJ3Jjwv_I7
1119,CgkIARjBs_OP4CwQ9dOJ3Jjwv_I7
1120,CgkIARjio4OC4CwQ9dOJ3Jjwv_I7
1121,CgkIARih9Zjr3ywQ9dOJ3Jjwv_I7
1122,CgkIARiAzaOV3ywQ9dOJ3Jjwv_I7
1123,CgkIARiAi73q3iwQ9dOJ3Jjwv_I7
1124,CgkIARjCrLvg3iwQ9dOJ3Jjwv_I7
1125,CgkIARiCm6bo3CwQ9dOJ3Jjwv_I7
1126,CgkIARiB7o7L3CwQ9dOJ3Jjwv_I7
1127,CgkIARiDwv_G3CwQ9dOJ3Jjwv_I7
1128,CgkIARjE9qSj2ywQ9dOJ3Jjwv_I7
1129,CgkIARjh0ZL52iwQ9dOJ3Jjwv_I7
1130,CgkIARiC6tbx2iwQ9dOJ3Jjwv_I7
1131,CgkIARiAh9Kt2SwQ9dOJ3Jjwv_I7
1132,CgkIARihgYmE2SwQ9dOJ3Jjwv_I7
1133,CgkIARiD5av71ywQ9dOJ3Jjwv_I7
1134,CgkIARjg0Zqv1iwQ9dOJ3Jjwv_I7
1135,CgkIARigqJOv1iwQ9dOJ3Jjwv_I7
1136,CgkIARiErK3d1SwQ9dOJ3Jjwv_I7
1137,CgkIARjC5e3w0SwQ9dOJ3Jjwv_I7
1138,CgkIARjBud7s0SwQ9dOJ3Jjwv_I7
1139,CgkIARiB_qOF0CwQ9dOJ3Jjwv_I7
1140,CgkIARji8tnVzywQ9dOJ3Jjwv_I7
1141,CgkIARiAxPDczSwQ9dOJ3Jjwv_I7
1142,CgkIARih5Z_bzSwQ9dOJ3Jjwv_I7
1143,CgkIARjgs4_RzSwQ9dOJ3Jjwv_I7
1144,CgkIARjA_4GuzSwQ9dOJ3Jjwv_I7
1145,CgkIARiBlOeRzSwQ9dOJ3Jjwv_I7
1146,CgkIARjArpjczCwQ9dOJ3Jjwv_I7
1147,CgkIARjB0au5yywQ9dOJ3Jjwv_I7
1148,CgkIARjkt8iMyywQ9dOJ3Jjwv_I7
1149,CgkIARik24eBySwQ9dOJ3Jjwv_I7
1150,CgkIARjBxYOtxiwQ9dOJ3Jjwv_I7
1151,CgkIARiChIesxiwQ9dOJ3Jjwv_I7
1152,CgkIARjgqYn6xSwQ9dOJ3Jjwv_I7
1153,CgkIARiD6ZyExCwQ9dOJ3Jjwv_I7
1154,CgkIARjg6pGExCwQ9dOJ3Jjwv_I7
1155,CgkIARiCwIaCxCwQ9dOJ3Jjwv_I7
1156,CgkIARiAx9qBxCwQ9dOJ3Jjwv_I7
1157,CgkIARjhxbDiwywQ9dOJ3Jjwv_I7
1158,CgkIARji4uLcwywQ9dOJ3Jjwv_I7
1159,CgkIARiBytrXwywQ9dOJ3Jjwv_I7
1160,CgkIARihv6fDwywQ9dOJ3Jjwv_I7
1161,CgkIARiFjKK5wywQ9dOJ3Jjwv_I7
1162,CgkIARiCoZ64wywQ9dOJ3Jjwv_I7
1163,CgkIARjAivywwywQ9dOJ3Jjwv_I7
1164,CgkIARjE072vwywQ9dOJ3Jjwv_I7
1165,CgkIARji_rmvwywQ9dOJ3Jjwv_I7
1166,CgkIARjAgK-vwywQ9dOJ3Jjwv_I7
1167,CgkIARiggqSvwywQ9dOJ3Jjwv_I7
1168,CgkIARjh2JyvwywQ9dOJ3Jjwv_I7
1169,CgkIARih_POYwiwQ9dOJ3Jjwv_I7
1170,CgkIARji_JGIwiwQ9dOJ3Jjwv_I7
1171,CgkIARigyLXtwSwQ9dOJ3Jjwv_I7
1172,CgkIARih-MzgwSwQ9dOJ3Jjwv_I7
1173,CgkIARiErdmpwSwQ9dOJ3Jjwv_I7
1174,CgkIARiCrdmpwSwQ9dOJ3Jjwv_I7
1175,CgkIARii2NWpwSwQ9dOJ3Jjwv_I7
1176,CgkIARjBg9KpwSwQ9dOJ3Jjwv_I7
1177,CgkIARjgrs6pwSwQ9dOJ3Jjwv_I7
1178,CgkIARiC2sqpwSwQ9dOJ3Jjwv_I7
1179,CgkIARiihcepwSwQ9dOJ3Jjwv_I7
1180,CgkIARjAsMOpwSwQ9dOJ3Jjwv_I7
1181,CgkIARjAosibwSwQ9dOJ3Jjwv_I7
1182,CgkIARii47jswCwQ9dOJ3Jjwv_I7
1183,CgkIARjjydj8vywQ9dOJ3Jjwv_I7
1184,CgkIARjAisL5vywQ9dOJ3Jjwv_I7
1185,CgkIARjgtJeXvywQ9dOJ3Jjwv_I7
1186,CgkIARjiycCHvywQ9dOJ3Jjwv_I7
1187,CgkIARiB6PaDvywQ9dOJ3Jjwv_I7
1188,CgkIARjD6-CDvywQ9dOJ3Jjwv_I7
1189,CgkIARjg6vrwviwQ9dOJ3Jjwv_I7
1190,CgkIARiDqujdvCwQ9dOJ3Jjwv_I7
1191,CgkIARiD3q3dvCwQ9dOJ3Jjwv_I7
1192,CgkIARjCs9KJvCwQ9dOJ3Jjwv_I7
1193,CgkIARiBvr36uywQ9dOJ3Jjwv_I7
1194,CgkIARiAz7-yuywQ9dOJ3Jjwv_I7
1195,CgkIARih0o6AuywQ9dOJ3Jjwv_I7
1196,CgkIARigv7evuiwQ9dOJ3Jjwv_I7
1197,CgkIARjhgtneuSwQ9dOJ3Jjwv_I7
1198,CgkIARjhjtLiuCwQ9dOJ3Jjwv_I7
1199,CgkIARjClfO6tywQ9dOJ3Jjwv_I7
1200,CgkIARihuYSgtywQ9dOJ3Jjwv_I7
1201,CgkIARih8O-StywQ9dOJ3Jjwv_I7
1202,CgkIARjDw6fttiwQ9dOJ3Jjwv_I7
1203,CgkIARjgh9XMtiwQ9dOJ3Jjwv_I7
1204,CgkIARjh_8vCtiwQ9dOJ3Jjwv_I7
1205,CgkIARjisJjAtiwQ9dOJ3Jjwv_I7
1206,CgkIARiCkNq_tiwQ9dOJ3Jjwv_I7
1207,CgkIARihof79tSwQ9dOJ3Jjwv_I7
1208,CgkIARih9e75tSwQ9dOJ3Jjwv_I7
1209,CgkIARjgpvyKtCwQ9dOJ3Jjwv_I7
1210,CgkIARjhtY3asywQ9dOJ3Jjwv_I7
1211,CgkIARiBjvvZsywQ9dOJ3Jjwv_I7
1212,CgkIARjArbXYsywQ9dOJ3Jjwv_I7
1213,CgkIARjCmt6HsywQ9dOJ3Jjwv_I7
1214,CgkIARiA6oncsiwQ9dOJ3Jjwv_I7
1215,CgkIARig7-jbsiwQ9dOJ3Jjwv_I7
1216,CgkIARjgn7O6sSwQ9dOJ3Jjwv_I7
1217,CgkIARjh2sy5sSwQ9dOJ3Jjwv_I7
1218,CgkIARjBraG-sCwQ9dOJ3Jjwv_I7
1219,CgkIARjChqmWsCwQ9dOJ3Jjwv_I7
1220,CgkIARiiruiHsCwQ9dOJ3Jjwv_I7
1221,CgkIARiBisCHsCwQ9dOJ3Jjwv_I7
1222,CgkIARjC4LiHsCwQ9dOJ3Jjwv_I7
1223,CgkIARjC-63erywQ9dOJ3Jjwv_I7
1224,CgkIARjhq5udrywQ9dOJ3Jjwv_I7
1225,CgkIARiAtPf5rCwQ9dOJ3Jjwv_I7
1226,CgkIARig8tjyrCwQ9dOJ3Jjwv_I7
1227,CgkIARiD2OzSqywQ9dOJ3Jjwv_I7
1228,CgkIARihoderqywQ9dOJ3Jjwv_I7
1229,CgkIARiC0L2rqywQ9dOJ3Jjwv_I7
1230,CgkIARjh_tCcqywQ9dOJ3Jjwv_I7
1231,CgkIARihz_PoqSwQ9dOJ3Jjwv_I7
1232,CgkIARiD2OnZqSwQ9dOJ3Jjwv_I7
1233,CgkIARjAjcuUqCwQ9dOJ3Jjwv_I7
1234,CgkIARiCh-iSqCwQ9dOJ3Jjwv_I7
1235,CgkIARigtJCVpywQ9dOJ3Jjwv_I7
1236,CgkIARjgiomVpywQ9dOJ3Jjwv_I7
1237,CgkIARjhzPaTpywQ9dOJ3Jjwv_I7
1238,CgkIARjgg7zppiwQ9dOJ3Jjwv_I7
1239,CgkIARiA1KDfpiwQ9dOJ3Jjwv_I7
1240,CgkIARiisuGZpiwQ9dOJ3Jjwv_I7
1241,CgkIARjhzOzGpSwQ9dOJ3Jjwv_I7
1242,CgkIARjAqMTGpSwQ9dOJ3Jjwv_I7
1243,CgkIARim1s-epSwQ9dOJ3Jjwv_I7
1244,CgkIARiig8GepSwQ9dOJ3Jjwv_I7
1245,CgkIARji2eaPpSwQ9dOJ3Jjwv_I7
1246,CgkIARiAh9T4pCwQ9dOJ3Jjwv_I7
1247,CgkIARiAptG-pCwQ9dOJ3Jjwv_I7
1248,CgkIARji24u-pCwQ9dOJ3Jjwv_I7
1249,CgkIARjh-PH9oywQ9dOJ3Jjwv_I7
1250,CgkIARijs6_7oiwQ9dOJ3Jjwv_I7
1251,CgkIARiIrZvxoiwQ9dOJ3Jjwv_I7
1252,CgkIARihktbIoiwQ9dOJ3Jjwv_I7
1253,CgkIARiiu_OeoiwQ9dOJ3Jjwv_I7
1254,CgkIARii_eCdoiwQ9dOJ3Jjwv_I7
1255,CgkIARiAz8X-oSwQ9dOJ3Jjwv_I7
1256,CgkIARjghID-oSwQ9dOJ3Jjwv_I7
1257,CgkIARij5oHeoSwQ9dOJ3Jjwv_I7
1258,CgkIARjiw87doSwQ9dOJ3Jjwv_I7
1259,CgkIARji88aHoSwQ9dOJ3Jjwv_I7
1260,CgkIARih44XjnywQ9dOJ3Jjwv_I7
1261,CgkIARiA2tmNnywQ9dOJ3Jjwv_I7
1262,CgkIARih--LuniwQ9dOJ3Jjwv_I7
1263,CgkIARiB_5vmniwQ9dOJ3Jjwv_I7
1264,CgkIARjBzIPDniwQ9dOJ3Jjwv_I7
1265,CgkIARjjmdfBnSwQ9dOJ3Jjwv_I7
1266,CgkIARiB2Li6nSwQ9dOJ3Jjwv_I7
1267,CgkIARiAgeuMnCwQ9dOJ3Jjwv_I7
1268,CgkIARjj1O3HmywQ9dOJ3Jjwv_I7
1269,CgkIARiCycDCmiwQ9dOJ3Jjwv_I7
1270,CgkIARjim--pmSwQ9dOJ3Jjwv_I7
1271,CgkIARii5-zxmCwQ9dOJ3Jjwv_I7
1272,CgkIARjBndOImCwQ9dOJ3Jjwv_I7
1273,CgkIARihgP-HmCwQ9dOJ3Jjwv_I7
1274,CgkIARihwabbliwQ9dOJ3Jjwv_I7
1275,CgkIARijsN-8liwQ9dOJ3Jjwv_I7
1276,CgkIARji4Lq8liwQ9dOJ3Jjwv_I7
1277,CgkIARig3sDglSwQ9dOJ3Jjwv_I7
1278,CgkIARiD_efalSwQ9dOJ3Jjwv_I7
1279,CgkIARij8f-7lSwQ9dOJ3Jjwv_I7
1280,CgkIARjjpIGvlSwQ9dOJ3Jjwv_I7
1281,CgkIARjAvIjvlCwQ9dOJ3Jjwv_I7
1282,CgkIARjhkozalCwQ9dOJ3Jjwv_I7
1283,CgkIARii6YTalCwQ9dOJ3Jjwv_I7
1284,CgkIARjhteSdlCwQ9dOJ3Jjwv_I7
1285,CgkIARiA6LSdlCwQ9dOJ3Jjwv_I7
1286,CgkIARjBoPOJlCwQ9dOJ3Jjwv_I7
1287,CgkIARijiIn0kywQ9dOJ3Jjwv_I7
1288,CgkIARjGlaXDkywQ9dOJ3Jjwv_I7
1289,CgkIARiA7rikkSwQ9dOJ3Jjwv_I7
1290,CgkIARiBlaf_jywQ9dOJ3Jjwv_I7
1291,CgkIARigx6TwjywQ9dOJ3Jjwv_I7
1292,CgkIARigmPbMjywQ9dOJ3Jjwv_I7
1293,CgkIARjgy7mtjiwQ9dOJ3Jjwv_I7
1294,CgkIARiEn575jSwQ9dOJ3Jjwv_I7
1295,CgkIARiBpvL4jSwQ9dOJ3Jjwv_I7
1296,CgkIARjB_Or4jSwQ9dOJ3Jjwv_I7
1297,CgkIARjB9Z3NjSwQ9dOJ3Jjwv_I7
1298,CgkIARig_ubMjSwQ9dOJ3Jjwv_I7
1299,CgkIARiBoMm2jCwQ9dOJ3Jjwv_I7
1300,CgkIARjgh5PmiywQ9dOJ3Jjwv_I7
1301,CgkIARii2t3ZiywQ9dOJ3Jjwv_I7
1302,CgkIARjC7eTYiywQ9dOJ3Jjwv_I7
1303,CgkIARiDiujCiiwQ9dOJ3Jjwv_I7
1304,CgkIARjhy6nuiCwQ9dOJ3Jjwv_I7
1305,CgkIARiB6sChiCwQ9dOJ3Jjwv_I7
1306,CgkIARiAg4CphywQ9dOJ3Jjwv_I7
1307,CgkIARihicGkhywQ9dOJ3Jjwv_I7
1308,CgkIARik0c2YhywQ9dOJ3Jjwv_I7
1309,CgkIARjCztD_hiwQ9dOJ3Jjwv_I7
1310,CgkIARjipePXhiwQ9dOJ3Jjwv_I7
1311,CgkIARih3N3MhiwQ9dOJ3Jjwv_I7
1312,CgkIARjggs2BhiwQ9dOJ3Jjwv_I7
1313,CgkIARjih-TdhSwQ9dOJ3Jjwv_I7
1314,CgkIARiCnM3YhSwQ9dOJ3Jjwv_I7
1315,CgkIARjincLYhSwQ9dOJ3Jjwv_I7
1316,CgkIARjEu5zThCwQ9dOJ3Jjwv_I7
1317,CgkIARjhq438gywQ9dOJ3Jjwv_I7
1318,CgkIARji8uu5gywQ9dOJ3Jjwv_I7
1319,CgkIARiB-ay1gywQ9dOJ3Jjwv_I7
1320,CgkIARjj_5nIgiwQ9dOJ3Jjwv_I7
1321,CgkIARjhy66rgiwQ9dOJ3Jjwv_I7
1322,CgkIARjB5qeZgiwQ9dOJ3Jjwv_I7
1323,CgkIARjg-a6YgiwQ9dOJ3Jjwv_I7
1324,CgkIARiEva7BgSwQ9dOJ3Jjwv_I7
1325,CgkIARih09uzgSwQ9dOJ3Jjwv_I7
1326,CgkIARigu-aygSwQ9dOJ3Jjwv_I7
1327,CgkIARiA-ZibgCwQ9dOJ3Jjwv_I7
1328,CgkIARjC3L-p_ysQ9dOJ3Jjwv_I7
1329,CgkIARil2aSh_ysQ9dOJ3Jjwv_I7
1330,CgkIARjk3I6h_ysQ9dOJ3Jjwv_I7
1331,CgkIARjBi_Wg_ysQ9dOJ3Jjwv_I7
1332,CgkIARjB5YSS_ysQ9dOJ3Jjwv_I7
1333,CgkIARii6sz2_isQ9dOJ3Jjwv_I7
1334,CgkIARjjjsvC_isQ9dOJ3Jjwv_I7
1335,CgkIARiDzsL8_SsQ9dOJ3Jjwv_I7
1336,CgkIARiBybnI_SsQ9dOJ3Jjwv_I7
1337,CgkIARiDosGg_SsQ9dOJ3Jjwv_I7
1338,CgkIARjjyo___CsQ9dOJ3Jjwv_I7
1339,CgkIARjijsH1_CsQ9dOJ3Jjwv_I7
1340,CgkIARigj7Lz_CsQ9dOJ3Jjwv_I7
1341,CgkIARik_pDy_CsQ9dOJ3Jjwv_I7
1342,CgkIARji79HX_CsQ9dOJ3Jjwv_I7
1343,CgkIARiBgOeo_CsQ9dOJ3Jjwv_I7
1344,CgkIARihrKbb-ysQ9dOJ3Jjwv_I7
1345,CgkIARjB9pjN-ysQ9dOJ3Jjwv_I7
1346,CgkIARiAp_TM-ysQ9dOJ3Jjwv_I7
1347,CgkIARjA_ezM-ysQ9dOJ3Jjwv_I7
1348,CgkIARiBg8-J-ysQ9dOJ3Jjwv_I7
1349,CgkIARji7MS7-SsQ9dOJ3Jjwv_I7
1350,CgkIARjjpOW4-SsQ9dOJ3Jjwv_I7
1351,CgkIARijm4m1-SsQ9dOJ3Jjwv_I7
1352,CgkIARjgqoSu-SsQ9dOJ3Jjwv_I7
1353,CgkIARjnko-t-SsQ9dOJ3Jjwv_I7
1354,CgkIARjimeOs-SsQ9dOJ3Jjwv_I7
1355,CgkIARjAp6S_-CsQ9dOJ3Jjwv_I7
1356,CgkIARii49eW-CsQ9dOJ3Jjwv_I7
1357,CgkIARiAgNfp9isQ9dOJ3Jjwv_I7
1358,CgkIARjBxa7o9isQ9dOJ3Jjwv_I7
1359,CgkIARjiodic9isQ9dOJ3Jjwv_I7
1360,CgkIARjgjOrF9SsQ9dOJ3Jjwv_I7
1361,CgkIARih5uKb9SsQ9dOJ3Jjwv_I7
1362,CgkIARiDlquX9SsQ9dOJ3Jjwv_I7
1363,CgkIARjijqTw8ysQ9dOJ3Jjwv_I7
1364,CgkIARjggqjz8isQ9dOJ3Jjwv_I7
1365,CgkIARjl6vuz8SsQ9dOJ3Jjwv_I7
1366,CgkIARjB6fex8SsQ9dOJ3Jjwv_I7
1367,CgkIARjgk8b78CsQ9dOJ3Jjwv_I7
1368,CgkIARjg-vym8CsQ9dOJ3Jjwv_I7
1369,CgkIARiDrMWN8CsQ9dOJ3Jjwv_I7
1370,CgkIARig26Pf7ysQ9dOJ3Jjwv_I7
1371,CgkIARig-K-87ysQ9dOJ3Jjwv_I7
1372,CgkIARiiy8WQ7ysQ9dOJ3Jjwv_I7
1373,CgkIARjBw7jv7isQ9dOJ3Jjwv_I7
1374,CgkIARjC1e-x7isQ9dOJ3Jjwv_I7
1375,CgkIARiA2bOU7isQ9dOJ3Jjwv_I7
1376,CgkIARiE_6r37SsQ9dOJ3Jjwv_I7
1377,CgkIARjAkZ_y7SsQ9dOJ3Jjwv_I7
1378,CgkIARiiw4yc7SsQ9dOJ3Jjwv_I7
1379,CgkIARjD9YmN7SsQ9dOJ3Jjwv_I7
1380,CgkIARihuOTy7CsQ9dOJ3Jjwv_I7
1381,CgkIARjB1eXk7CsQ9dOJ3Jjwv_I7
1382,CgkIARiB2PS87CsQ9dOJ3Jjwv_I7
1383,CgkIARjB7Nmg7CsQ9dOJ3Jjwv_I7
1384,CgkIARihk7eW7CsQ9dOJ3Jjwv_I7
1385,CgkIARiA08y_6ysQ9dOJ3Jjwv_I7
1386,CgkIARjA1NrS6isQ9dOJ3Jjwv_I7
1387,CgkIARjg9Nua6isQ9dOJ3Jjwv_I7
1388,CgkIARjDnYTc6SsQ9dOJ3Jjwv_I7
1389,CgkIARihwdDa6CsQ9dOJ3Jjwv_I7
1390,CgkIARjCoJLa6CsQ9dOJ3Jjwv_I7
1391,CgkIARjB2LLX6CsQ9dOJ3Jjwv_I7
1392,CgkIARih0bzR6CsQ9dOJ3Jjwv_I7
1393,CgkIARihhYLR6CsQ9dOJ3Jjwv_I7
1394,CgkIARjj2_rQ6CsQ9dOJ3Jjwv_I7
1395,CgkIARiDtOjQ6CsQ9dOJ3Jjwv_I7
1396,CgkIARjhtd3Q6CsQ9dOJ3Jjwv_I7
1397,CgkIARjAt9LQ6CsQ9dOJ3Jjwv_I7
1398,CgkIARihucfQ6CsQ9dOJ3Jjwv_I7
1399,CgkIARjBkbXQ6CsQ9dOJ3Jjwv_I7
1400,CgkIARiA9tXP6CsQ9dOJ3Jjwv_I7
1401,CgkIARjgic7M6CsQ9dOJ3Jjwv_I7
1402,CgkIARjCm4mm6CsQ9dOJ3Jjwv_I7
1403,CgkIARigneaw5ysQ9dOJ3Jjwv_I7
1404,CgkIARjjh6al5ysQ9dOJ3Jjwv_I7
1405,CgkIARjiw9y55isQ9dOJ3Jjwv_I7
1406,CgkIARiBtaG25isQ9dOJ3Jjwv_I7
1407,CgkIARjiveq15isQ9dOJ3Jjwv_I7
1408,CgkIARig9Zm15isQ9dOJ3Jjwv_I7
1409,CgkIARih0LiT5isQ9dOJ3Jjwv_I7
1410,CgkIARjA1qaA5isQ9dOJ3Jjwv_I7
1411,CgkIARig69rb5SsQ9dOJ3Jjwv_I7
1412,CgkIARjCgr3Y5SsQ9dOJ3Jjwv_I7
1413,CgkIARig1ri_5SsQ9dOJ3Jjwv_I7
1414,CgkIARjDz5Tu5CsQ9dOJ3Jjwv_I7
1415,CgkIARiAqY3E5CsQ9dOJ3Jjwv_I7
1416,CgkIARiioemP3ysQ9dOJ3Jjwv_I7
1417,CgkIARih1rqD3SsQ9dOJ3Jjwv_I7
1418,CgkIARjCu_Xa3CsQ9dOJ3Jjwv_I7
1419,CgkIARjhqsb12isQ9dOJ3Jjwv_I7
1420,CgkIARiA_ObJ2isQ9dOJ3Jjwv_I7
1421,CgkIARij5t6a2isQ9dOJ3Jjwv_I7
1422,CgkIARjAwOr02SsQ9dOJ3Jjwv_I7
1423,CgkIARjilpvR2SsQ9dOJ3Jjwv_I7
1424,CgkIARjAz8vZ1ysQ9dOJ3Jjwv_I7
1425,CgkIARjh2dax1isQ9dOJ3Jjwv_I7
1426,CgkIARjh8eCu1SsQ9dOJ3Jjwv_I7
1427,CgkIARihhvrX1CsQ9dOJ3Jjwv_I7
1428,CgkIARjA3L-w0ysQ9dOJ3Jjwv_I7
1429,CgkIARihma_m0isQ9dOJ3Jjwv_I7
1430,CgkIARijh5T00SsQ9dOJ3Jjwv_I7
1431,CgkIARihpMbu0SsQ9dOJ3Jjwv_I7
1432,CgkIARiD4dTt0SsQ9dOJ3Jjwv_I7
1433,CgkIARjCnOa-0SsQ9dOJ3Jjwv_I7
1434,CgkIARigqevy0CsQ9dOJ3Jjwv_I7
1435,CgkIARjg2pfNzysQ9dOJ3Jjwv_I7
1436,CgkIARjDn9zHzysQ9dOJ3Jjwv_I7
1437,CgkIARjBt7nTzisQ9dOJ3Jjwv_I7
1438,CgkIARjhm6DXzSsQ9dOJ3Jjwv_I7
1439,CgkIARigzPvWzSsQ9dOJ3Jjwv_I7
1440,CgkIARiAj4qCzSsQ9dOJ3Jjwv_I7
1441,CgkIARiAhvnezCsQ9dOJ3Jjwv_I7
1442,CgkIARjB5KfazCsQ9dOJ3Jjwv_I7
1443,CgkIARjh_763zCsQ9dOJ3Jjwv_I7
1444,CgkIARiCxLXYyisQ9dOJ3Jjwv_I7
1445,CgkIARjghpeSyisQ9dOJ3Jjwv_I7
1446,CgkIARih1uiDyisQ9dOJ3Jjwv_I7
1447,CgkIARjD9JSzyCsQ9dOJ3Jjwv_I7
1448,CgkIARjAoYazyCsQ9dOJ3Jjwv_I7
1449,CgkIARjBzveyyCsQ9dOJ3Jjwv_I7
1450,CgkIARjC--iyyCsQ9dOJ3Jjwv_I7
1451,CgkIARiD1ODDxysQ9dOJ3Jjwv_I7
1452,CgkIARjg_6ekxysQ9dOJ3Jjwv_I7
1453,CgkIARiBl77mxisQ9dOJ3Jjwv_I7
1454,CgkIARiis7e_xisQ9dOJ3Jjwv_I7
1455,CgkIARiB26OixisQ9dOJ3Jjwv_I7
1456,CgkIARjBupXQxSsQ9dOJ3Jjwv_I7
1457,CgkIARiA8eauwysQ9dOJ3Jjwv_I7
1458,CgkIARii0saIwysQ9dOJ3Jjwv_I7
1459,CgkIARiivP2JwisQ9dOJ3Jjwv_I7
1460,CgkIARiDxJ-nwSsQ9dOJ3Jjwv_I7
1461,CgkIARjiv8-UwSsQ9dOJ3Jjwv_I7
1462,CgkIARiCyYmSwSsQ9dOJ3Jjwv_I7
1463,CgkIARih2OnYwCsQ9dOJ3Jjwv_I7
1464,CgkIARiD973EwCsQ9dOJ3Jjwv_I7
1465,CgkIARih9PTwvysQ9dOJ3Jjwv_I7
1466,CgkIARjgisTpvysQ9dOJ3Jjwv_I7
1467,CgkIARjjxeS8vysQ9dOJ3Jjwv_I7
1468,CgkIARiBmpOPvisQ9dOJ3Jjwv_I7
1469,CgkIARiA0avzvSsQ9dOJ3Jjwv_I7
1470,CgkIARjg9OnJvSsQ9dOJ3Jjwv_I7
1471,CgkIARjD6NKavCsQ9dOJ3Jjwv_I7
1472,CgkIARig-O-ZvCsQ9dOJ3Jjwv_I7
1473,CgkIARjDq92uuysQ9dOJ3Jjwv_I7
1474,CgkIARiB-7X0uisQ9dOJ3Jjwv_I7
1475,CgkIARigiIOQuCsQ9dOJ3Jjwv_I7
1476,CgkIARijyLq_tysQ9dOJ3Jjwv_I7
1477,CgkIARjAt8KYtysQ9dOJ3Jjwv_I7
1478,CgkIARjA-_OOtysQ9dOJ3Jjwv_I7
1479,CgkIARjgp6zttisQ9dOJ3Jjwv_I7
1480,CgkIARiBl8LutSsQ9dOJ3Jjwv_I7
1481,CgkIARjBvbj3tCsQ9dOJ3Jjwv_I7
1482,CgkIARjkyev2tCsQ9dOJ3Jjwv_I7
1483,CgkIARih09z2sysQ9dOJ3Jjwv_I7
1484,CgkIARjDz9DwsysQ9dOJ3Jjwv_I7
1485,CgkIARigm8PNsysQ9dOJ3Jjwv_I7
1486,CgkIARjhovDVsisQ9dOJ3Jjwv_I7
1487,CgkIARiipuj9sSsQ9dOJ3Jjwv_I7
1488,CgkIARjhpf7TsSsQ9dOJ3Jjwv_I7
1489,CgkIARiCrfutsSsQ9dOJ3Jjwv_I7
1490,CgkIARijo97asCsQ9dOJ3Jjwv_I7
1491,CgkIARjA_MmmrysQ9dOJ3Jjwv_I7
1492,CgkIARjBtJeVrysQ9dOJ3Jjwv_I7
1493,CgkIARjkq8ucrSsQ9dOJ3Jjwv_I7
1494,CgkIARji2LycrSsQ9dOJ3Jjwv_I7
1495,CgkIARjB-76UrSsQ9dOJ3Jjwv_I7
1496,CgkIARjB77TvrCsQ9dOJ3Jjwv_I7
1497,CgkIARihz9bLqysQ9dOJ3Jjwv_I7
1498,CgkIARij0L-bqysQ9dOJ3Jjwv_I7
1499,CgkIARjhgpqsqisQ9dOJ3Jjwv_I7
1500,CgkIARjii7KjqisQ9dOJ3Jjwv_I7
1501,CgkIARigpuPtqSsQ9dOJ3Jjwv_I7
1502,CgkIARiFnKirqSsQ9dOJ3Jjwv_I7
1503,CgkIARiDqJOHqSsQ9dOJ3Jjwv_I7
1504,CgkIARiih9WGqSsQ9dOJ3Jjwv_I7
1505,CgkIARjiybODqSsQ9dOJ3Jjwv_I7
1506,CgkIARiB8_mzqCsQ9dOJ3Jjwv_I7
1507,CgkIARjgyN-vqCsQ9dOJ3Jjwv_I7
1508,CgkIARjh67fzpysQ9dOJ3Jjwv_I7
1509,CgkIARjAwqKPpisQ9dOJ3Jjwv_I7
1510,CgkIARiBkMWFpSsQ9dOJ3Jjwv_I7
1511,CgkIARig8KruoysQ9dOJ3Jjwv_I7
1512,CgkIARjAzpHGoysQ9dOJ3Jjwv_I7
1513,CgkIARiA2c_FoysQ9dOJ3Jjwv_I7
1514,CgkIARihmJO6oysQ9dOJ3Jjwv_I7
1515,CgkIARjh55jxoisQ9dOJ3Jjwv_I7
1516,CgkIARjBhse_oisQ9dOJ3Jjwv_I7
1517,CgkIARjAov_IoSsQ9dOJ3Jjwv_I7
1518,CgkIARigv-mfoSsQ9dOJ3Jjwv_I7
1519,CgkIARjho5jHoCsQ9dOJ3Jjwv_I7
1520,CgkIARjhnsqsnysQ9dOJ3Jjwv_I7
1521,CgkIARig4uvbnisQ9dOJ3Jjwv_I7
1522,CgkIARig6OuHnisQ9dOJ3Jjwv_I7
1523,CgkIARjAotqNnSsQ9dOJ3Jjwv_I7
1524,CgkIARjgj57vnCsQ9dOJ3Jjwv_I7
1525,CgkIARiC5N3inCsQ9dOJ3Jjwv_I7
1526,CgkIARjhu-G4nCsQ9dOJ3Jjwv_I7
1527,CgkIARiCr8SPnCsQ9dOJ3Jjwv_I7
1528,CgkIARjhhsjlmysQ9dOJ3Jjwv_I7
1529,CgkIARjDluy4mysQ9dOJ3Jjwv_I7
1530,CgkIARiB9fvqmisQ9dOJ3Jjwv_I7
1531,CgkIARjA-bbFmSsQ9dOJ3Jjwv_I7
1532,CgkIARiAsebEmSsQ9dOJ3Jjwv_I7
1533,CgkIARigquiQmSsQ9dOJ3Jjwv_I7
1534,CgkIARihn5P2mCsQ9dOJ3Jjwv_I7
1535,CgkIARjhkdz0mCsQ9dOJ3Jjwv_I7
1536,CgkIARihn5rKmCsQ9dOJ3Jjwv_I7
1537,CgkIARiik4bYlisQ9dOJ3Jjwv_I7
1538,CgkIARihjcHFlisQ9dOJ3Jjwv_I7
1539,CgkIARjhj6OslisQ9dOJ3Jjwv_I7
1540,CgkIARiF7_LTlSsQ9dOJ3Jjwv_I7
1541,CgkIARigtKjMlSsQ9dOJ3Jjwv_I7
1542,CgkIARjC6rSAlSsQ9dOJ3Jjwv_I7
1543,CgkIARij_diplCsQ9dOJ3Jjwv_I7
1544,CgkIARiBpPG4kysQ9dOJ3Jjwv_I7
1545,CgkIARiAhai4kysQ9dOJ3Jjwv_I7
1546,CgkIARjAw6HqkSsQ9dOJ3Jjwv_I7
1547,CgkIARiB_7K7kSsQ9dOJ3Jjwv_I7
1548,CgkIARih9NK1kSsQ9dOJ3Jjwv_I7
1549,CgkIARiA7I-wkCsQ9dOJ3Jjwv_I7
1550,CgkIARjgo-iJkCsQ9dOJ3Jjwv_I7
1551,CgkIARii2o_wjysQ9dOJ3Jjwv_I7
1552,CgkIARiBm-H3jisQ9dOJ3Jjwv_I7
1553,CgkIARjCu_3xjisQ9dOJ3Jjwv_I7
1554,CgkIARiAyveljisQ9dOJ3Jjwv_I7
1555,CgkIARig6emAjisQ9dOJ3Jjwv_I7
1556,CgkIARiBnNjvjSsQ9dOJ3Jjwv_I7
1557,CgkIARjB0OjPjSsQ9dOJ3Jjwv_I7
1558,CgkIARjDvYqrjSsQ9dOJ3Jjwv_I7
1559,CgkIARjgi6upjSsQ9dOJ3Jjwv_I7
1560,CgkIARjAwIqBjSsQ9dOJ3Jjwv_I7
1561,CgkIARig4qr9jCsQ9dOJ3Jjwv_I7
1562,CgkIARjhruv3iysQ9dOJ3Jjwv_I7
1563,CgkIARimoKzdiysQ9dOJ3Jjwv_I7
1564,CgkIARijiLfciysQ9dOJ3Jjwv_I7
1565,CgkIARiC5I7ciysQ9dOJ3Jjwv_I7
1566,CgkIARighb7aiysQ9dOJ3Jjwv_I7
1567,CgkIARiBsavYiysQ9dOJ3Jjwv_I7
1568,CgkIARiBv9PXiysQ9dOJ3Jjwv_I7
1569,CgkIARiB7MTXiysQ9dOJ3Jjwv_I7
1570,CgkIARjBm-vMiysQ9dOJ3Jjwv_I7
1571,CgkIARiBireLiSsQ9dOJ3Jjwv_I7
1572,CgkIARihvcPpiCsQ9dOJ3Jjwv_I7
1573,CgkIARiBrp68iCsQ9dOJ3Jjwv_I7
1574,CgkIARjg1ZHzhysQ9dOJ3Jjwv_I7
1575,CgkIARiA4ffyhisQ9dOJ3Jjwv_I7
1576,CgkIARjD4ZXihisQ9dOJ3Jjwv_I7
1577,CgkIARigle2ghisQ9dOJ3Jjwv_I7
1578,CgkIARiB8PDMhSsQ9dOJ3Jjwv_I7
1579,CgkIARiBk5yfhSsQ9dOJ3Jjwv_I7
1580,CgkIARjix_v2hCsQ9dOJ3Jjwv_I7
1581,CgkIARjB597PhCsQ9dOJ3Jjwv_I7
1582,CgkIARigrP2shCsQ9dOJ3Jjwv_I7
1583,CgkIARiAlOalhCsQ9dOJ3Jjwv_I7
1584,CgkIARjAk6KZhCsQ9dOJ3Jjwv_I7
1585,CgkIARiB3vj-gisQ9dOJ3Jjwv_I7
1586,CgkIARii_ZD3gisQ9dOJ3Jjwv_I7
1587,CgkIARii3OS1gisQ9dOJ3Jjwv_I7
1588,CgkIARjg8diGgisQ9dOJ3Jjwv_I7
1589,CgkIARiBk4iFgisQ9dOJ3Jjwv_I7
1590,CgkIARjAqrn5gSsQ9dOJ3Jjwv_I7
1591,CgkIARjE4dHdgSsQ9dOJ3Jjwv_I7
1592,CgkIARjC4dHdgSsQ9dOJ3Jjwv_I7
1593,CgkIARig6prdgSsQ9dOJ3Jjwv_I7
1594,CgkIARiAopnUgSsQ9dOJ3Jjwv_I7
1595,CgkIARjA2MC6gSsQ9dOJ3Jjwv_I7
1596,CgkIARiC6Z2vgSsQ9dOJ3Jjwv_I7
1597,CgkIARjimMfhgCsQ9dOJ3Jjwv_I7
1598,CgkIARihkLXk_yoQ9dOJ3Jjwv_I7
1599,CgkIARigwNOr_yoQ9dOJ3Jjwv_I7
1600,CgkIARiBq_C__ioQ9dOJ3Jjwv_I7
1601,CgkIARig6pTr_SoQ9dOJ3Jjwv_I7
1602,CgkIARih9v_G_SoQ9dOJ3Jjwv_I7
1603,CgkIARjkjubF_SoQ9dOJ3Jjwv_I7
1604,CgkIARijktDF_SoQ9dOJ3Jjwv_I7
1605,CgkIARiBwbbF_SoQ9dOJ3Jjwv_I7
1606,CgkIARiC8oLD_SoQ9dOJ3Jjwv_I7
1607,CgkIARiAjfiZ_SoQ9dOJ3Jjwv_I7
1608,CgkIARiBr8Hw_CoQ9dOJ3Jjwv_I7
1609,CgkIARiCiaTw_CoQ9dOJ3Jjwv_I7
1610,CgkIARiCtpXw_CoQ9dOJ3Jjwv_I7
1611,CgkIARiC44bw_CoQ9dOJ3Jjwv_I7
1612,CgkIARjgl-2b_CoQ9dOJ3Jjwv_I7
1613,CgkIARjDtvXM-yoQ9dOJ3Jjwv_I7
1614,CgkIARjjjuPM-yoQ9dOJ3Jjwv_I7
1615,CgkIARiAgKjJ-yoQ9dOJ3Jjwv_I7
1616,CgkIARiC-_Gj-yoQ9dOJ3Jjwv_I7
1617,CgkIARjB7bqi-yoQ9dOJ3Jjwv_I7
1618,CgkIARigwK7w-ioQ9dOJ3Jjwv_I7
1619,CgkIARjkjtKr-ioQ9dOJ3Jjwv_I7
1620,CgkIARjEwLiB-ioQ9dOJ3Jjwv_I7
1621,CgkIARjCmqLV-SoQ9dOJ3Jjwv_I7
1622,CgkIARiBxNbG-SoQ9dOJ3Jjwv_I7
1623,CgkIARihqeSs-SoQ9dOJ3Jjwv_I7
1624,CgkIARjh2s6Z-SoQ9dOJ3Jjwv_I7
1625,CgkIARjAttOK-SoQ9dOJ3Jjwv_I7
1626,CgkIARigtdbc-CoQ9dOJ3Jjwv_I7
1627,CgkIARjCxeTZ-CoQ9dOJ3Jjwv_I7
1628,CgkIARiAqdDO-CoQ9dOJ3Jjwv_I7
1629,CgkIARiAuZ389yoQ9dOJ3Jjwv_I7
1630,CgkIARjgiae19yoQ9dOJ3Jjwv_I7
1631,CgkIARjB9OKS9yoQ9dOJ3Jjwv_I7
1632,CgkIARiBqvuL9yoQ9dOJ3Jjwv_I7
1633,CgkIARiB3eXj9ioQ9dOJ3Jjwv_I7
1634,CgkIARig3Y6-9ioQ9dOJ3Jjwv_I7
1635,CgkIARjA6cG99ioQ9dOJ3Jjwv_I7
1636,CgkIARiD5MC39ioQ9dOJ3Jjwv_I7
1637,CgkIARjAmaLy9CoQ9dOJ3Jjwv_I7
1638,CgkIARjhjeDw9CoQ9dOJ3Jjwv_I7
1639,CgkIARig-dTv9CoQ9dOJ3Jjwv_I7
1640,CgkIARjBmoTu9CoQ9dOJ3Jjwv_I7
1641,CgkIARij0L7t9CoQ9dOJ3Jjwv_I7
1642,CgkIARjA2Mq09CoQ9dOJ3Jjwv_I7
1643,CgkIARjAsMOf9CoQ9dOJ3Jjwv_I7
1644,CgkIARijovmZ9CoQ9dOJ3Jjwv_I7
1645,CgkIARjB-7f08ioQ9dOJ3Jjwv_I7
1646,CgkIARiAg_3x8ioQ9dOJ3Jjwv_I7
1647,CgkIARjA5sLJ8ioQ9dOJ3Jjwv_I7
1648,CgkIARiC0uS58ioQ9dOJ3Jjwv_I7
1649,CgkIARijwb-h8ioQ9dOJ3Jjwv_I7
1650,CgkIARjghpeg8ioQ9dOJ3Jjwv_I7
1651,CgkIARiglbCd8ioQ9dOJ3Jjwv_I7
1652,CgkIARiEn9uY8ioQ9dOJ3Jjwv_I7
1653,CgkIARjCzZ-S8ioQ9dOJ3Jjwv_I7
1654,CgkIARihoZv58SoQ9dOJ3Jjwv_I7
1655,CgkIARigxaHz8SoQ9dOJ3Jjwv_I7
1656,CgkIARjDsbee8SoQ9dOJ3Jjwv_I7
1657,CgkIARig0L_P8CoQ9dOJ3Jjwv_I7
1658,CgkIARiglt-17ioQ9dOJ3Jjwv_I7
1659,CgkIARiB_seu7ioQ9dOJ3Jjwv_I7
1660,CgkIARihsraI7ioQ9dOJ3Jjwv_I7
1661,CgkIARjhxebh7SoQ9dOJ3Jjwv_I7
1662,CgkIARiAirre7SoQ9dOJ3Jjwv_I7
1663,CgkIARjB9_mo7SoQ9dOJ3Jjwv_I7
1664,CgkIARjgqNC37CoQ9dOJ3Jjwv_I7
1665,CgkIARjhrsmP7CoQ9dOJ3Jjwv_I7
1666,CgkIARjhqZPq6yoQ9dOJ3Jjwv_I7
1667,CgkIARiDj87B6yoQ9dOJ3Jjwv_I7
1668,CgkIARiCzd3J6SoQ9dOJ3Jjwv_I7
1669,CgkIARjC8pCg6SoQ9dOJ3Jjwv_I7
1670,CgkIARjB3Zv16CoQ9dOJ3Jjwv_I7
1671,CgkIARjgsv_R5yoQ9dOJ3Jjwv_I7
1672,CgkIARjBq5Cg5yoQ9dOJ3Jjwv_I7
1673,CgkIARig_JKF5yoQ9dOJ3Jjwv_I7
1674,CgkIARihquaA5yoQ9dOJ3Jjwv_I7
1675,CgkIARjg26rQ5ioQ9dOJ3Jjwv_I7
1676,CgkIARiilfip5ioQ9dOJ3Jjwv_I7
1677,CgkIARjArZaF5ioQ9dOJ3Jjwv_I7
1678,CgkIARii1M3d5SoQ9dOJ3Jjwv_I7
1679,CgkIARiF6MXa5SoQ9dOJ3Jjwv_I7
1680,CgkIARiioerZ5SoQ9dOJ3Jjwv_I7
1681,CgkIARiA6uO05SoQ9dOJ3Jjwv_I7
1682,CgkIARjhst2P5SoQ9dOJ3Jjwv_I7
1683,CgkIARjhnsrg5CoQ9dOJ3Jjwv_I7
1684,CgkIARiDvKW15CoQ9dOJ3Jjwv_I7
1685,CgkIARjihtyz5CoQ9dOJ3Jjwv_I7
1686,CgkIARjBiaKO4yoQ9dOJ3Jjwv_I7
1687,CgkIARigw7eL4yoQ9dOJ3Jjwv_I7
1688,CgkIARjizc_t4ioQ9dOJ3Jjwv_I7
1689,CgkIARjCvqrA4ioQ9dOJ3Jjwv_I7
1690,CgkIARjBpdqX4ioQ9dOJ3Jjwv_I7
1691,CgkIARjA1cvt4SoQ9dOJ3Jjwv_I7
1692,CgkIARjisZu_4SoQ9dOJ3Jjwv_I7
1693,CgkIARiC8Naa4SoQ9dOJ3Jjwv_I7
1694,CgkIARiAqpXy4CoQ9dOJ3Jjwv_I7
1695,CgkIARjilbqf4CoQ9dOJ3Jjwv_I7
1696,CgkIARjC8ZGf4CoQ9dOJ3Jjwv_I7
1697,CgkIARjht4P23yoQ9dOJ3Jjwv_I7
1698,CgkIARiB8af13yoQ9dOJ3Jjwv_I7
1699,CgkIARjgytD53ioQ9dOJ3Jjwv_I7
1700,CgkIARjB5MHO3ioQ9dOJ3Jjwv_I7
1701,CgkIARjBwMKo3ioQ9dOJ3Jjwv_I7
1702,CgkIARjCtZr_3SoQ9dOJ3Jjwv_I7
1703,CgkIARjA5YvV3SoQ9dOJ3Jjwv_I7
1704,CgkIARjj452p3SoQ9dOJ3Jjwv_I7
1705,CgkIARjB4pmn3SoQ9dOJ3Jjwv_I7
1706,CgkIARjA8t-A3SoQ9dOJ3Jjwv_I7
1707,CgkIARjBi5-I3CoQ9dOJ3Jjwv_I7
1708,CgkIARjA5a752yoQ9dOJ3Jjwv_I7
1709,CgkIARjA6IHe2yoQ9dOJ3Jjwv_I7
1710,CgkIARjgsIq72yoQ9dOJ3Jjwv_I7
1711,CgkIARjAl5G42yoQ9dOJ3Jjwv_I7
1712,CgkIARiA4I6q2yoQ9dOJ3Jjwv_I7
1713,CgkIARjg38aG2yoQ9dOJ3Jjwv_I7
1714,CgkIARigooa62ioQ9dOJ3Jjwv_I7
1715,CgkIARjAnqel2ioQ9dOJ3Jjwv_I7
1716,CgkIARiAlJaX2ioQ9dOJ3Jjwv_I7
1717,CgkIARjhv4rp2SoQ9dOJ3Jjwv_I7
1718,CgkIARihgunl2SoQ9dOJ3Jjwv_I7
1719,CgkIARjDh8jl2SoQ9dOJ3Jjwv_I7
1720,CgkIARiDq7fE2SoQ9dOJ3Jjwv_I7
1721,CgkIARiAqaC-2SoQ9dOJ3Jjwv_I7
1722,CgkIARii_pS82SoQ9dOJ3Jjwv_I7
1723,CgkIARjg7qfr2CoQ9dOJ3Jjwv_I7
1724,CgkIARjgqObC2CoQ9dOJ3Jjwv_I7
1725,CgkIARiArZC42CoQ9dOJ3Jjwv_I7
1726,CgkIARih-4qZ2CoQ9dOJ3Jjwv_I7
1727,CgkIARiAuJmY2CoQ9dOJ3Jjwv_I7
1728,CgkIARjgk56J2CoQ9dOJ3Jjwv_I7
1729,CgkIARig2O3u1yoQ9dOJ3Jjwv_I7
1730,CgkIARijsfXG1yoQ9dOJ3Jjwv_I7
1731,CgkIARjDttTG1yoQ9dOJ3Jjwv_I7
1732,CgkIARjgsqKj1yoQ9dOJ3Jjwv_I7
1733,CgkIARjBj9ye1yoQ9dOJ3Jjwv_I7
1734,CgkIARjAn6L41ioQ9dOJ3Jjwv_I7
1735,CgkIARiB86H21ioQ9dOJ3Jjwv_I7
1736,CgkIARjhhprz1ioQ9dOJ3Jjwv_I7
1737,CgkIARjB0pr41SoQ9dOJ3Jjwv_I7
1738,CgkIARig0Zb21SoQ9dOJ3Jjwv_I7
1739,CgkIARigrb3t1SoQ9dOJ3Jjwv_I7
1740,CgkIARjBqM_r1SoQ9dOJ3Jjwv_I7
1741,CgkIARjg5t3V1SoQ9dOJ3Jjwv_I7
1742,CgkIARiAtuDP1SoQ9dOJ3Jjwv_I7
1743,CgkIARjjtqDF1SoQ9dOJ3Jjwv_I7
1744,CgkIARjBsLms1SoQ9dOJ3Jjwv_I7
1745,CgkIARiA_sam1SoQ9dOJ3Jjwv_I7
1746,CgkIARjArqKm1SoQ9dOJ3Jjwv_I7
1747,CgkIARjguaCb1SoQ9dOJ3Jjwv_I7
1748,CgkIARjik9391CoQ9dOJ3Jjwv_I7
1749,CgkIARiB4aLU1CoQ9dOJ3Jjwv_I7
1750,CgkIARjCkf7T1CoQ9dOJ3Jjwv_I7
1751,CgkIARjip6vG1CoQ9dOJ3Jjwv_I7
1752,CgkIARiB1vqq1CoQ9dOJ3Jjwv_I7
1753,CgkIARji8uSB1CoQ9dOJ3Jjwv_I7
1754,CgkIARiBwsHe0yoQ9dOJ3Jjwv_I7
1755,CgkIARjhif_a0yoQ9dOJ3Jjwv_I7
1756,CgkIARih14zV0yoQ9dOJ3Jjwv_I7
1757,CgkIARiA3pix0yoQ9dOJ3Jjwv_I7
1758,CgkIARjA9v6v0yoQ9dOJ3Jjwv_I7
1759,CgkIARiA-uiv0yoQ9dOJ3Jjwv_I7
1760,CgkIARjgq8-F0yoQ9dOJ3Jjwv_I7
1761,CgkIARjAxIT80ioQ9dOJ3Jjwv_I7
1762,CgkIARiikbO30ioQ9dOJ3Jjwv_I7
1763,CgkIARiigoOf0ioQ9dOJ3Jjwv_I7
1764,CgkIARihi8iH0ioQ9dOJ3Jjwv_I7
1765,CgkIARjAtLTV0SoQ9dOJ3Jjwv_I7
1766,CgkIARjB-ta00SoQ9dOJ3Jjwv_I7
1767,CgkIARjCodaw0SoQ9dOJ3Jjwv_I7
1768,CgkIARihoY6N0SoQ9dOJ3Jjwv_I7
1769,CgkIARiA0PSM0SoQ9dOJ3Jjwv_I7
1770,CgkIARiAx-Pp0CoQ9dOJ3Jjwv_I7
1771,CgkIARjB-KDl0CoQ9dOJ3Jjwv_I7
1772,CgkIARjiwpPX0CoQ9dOJ3Jjwv_I7
1773,CgkIARjDubO80CoQ9dOJ3Jjwv_I7
1774,CgkIARji---y0CoQ9dOJ3Jjwv_I7
1775,CgkIARiiz8mT0CoQ9dOJ3Jjwv_I7
1776,CgkIARjglM6D0CoQ9dOJ3Jjwv_I7
1777,CgkIARjAquTazyoQ9dOJ3Jjwv_I7
1778,CgkIARjh4oDBzyoQ9dOJ3Jjwv_I7
1779,CgkIARij6sW-zyoQ9dOJ3Jjwv_I7
1780,CgkIARjgh8OZzyoQ9dOJ3Jjwv_I7
1781,CgkIARjE69CUzyoQ9dOJ3Jjwv_I7
1782,CgkIARigz7jyzioQ9dOJ3Jjwv_I7
1783,CgkIARjh8s3uzioQ9dOJ3Jjwv_I7
1784,CgkIARjCopbqzioQ9dOJ3Jjwv_I7
1785,CgkIARjim-vEzioQ9dOJ3Jjwv_I7
1786,CgkIARjiu52VzioQ9dOJ3Jjwv_I7
1787,CgkIARih3ZuLzioQ9dOJ3Jjwv_I7
1788,CgkIARjC_O6czSoQ9dOJ3Jjwv_I7
1789,CgkIARiEh62czSoQ9dOJ3Jjwv_I7
1790,CgkIARiAw6iXzSoQ9dOJ3Jjwv_I7
1791,CgkIARiA0oz1zCoQ9dOJ3Jjwv_I7
1792,CgkIARjCm7_xzCoQ9dOJ3Jjwv_I7
1793,CgkIARjg5d7UzCoQ9dOJ3Jjwv_I7
1794,CgkIARij0rXPzCoQ9dOJ3Jjwv_I7
1795,CgkIARjCqfWYzCoQ9dOJ3Jjwv_I7
1796,CgkIARiA8p_8yyoQ9dOJ3Jjwv_I7
1797,CgkIARig_tL7yyoQ9dOJ3Jjwv_I7
1798,CgkIARjA3ZT7yyoQ9dOJ3Jjwv_I7
1799,CgkIARiAt43RyyoQ9dOJ3Jjwv_I7
1800,CgkIARiiq9KjyyoQ9dOJ3Jjwv_I7
1801,CgkIARjDxNL6yioQ9dOJ3Jjwv_I7
1802,CgkIARjg_5TUyioQ9dOJ3Jjwv_I7
1803,CgkIARigvIHNyioQ9dOJ3Jjwv_I7
1804,CgkIARjBu8iryioQ9dOJ3Jjwv_I7
1805,CgkIARiC-Lv4ySoQ9dOJ3Jjwv_I7
1806,CgkIARjk_IPdySoQ9dOJ3Jjwv_I7
1807,CgkIARjCjuXTySoQ9dOJ3Jjwv_I7
1808,CgkIARjBv4u0ySoQ9dOJ3Jjwv_I7
1809,CgkIARjBruqyySoQ9dOJ3Jjwv_I7
1810,CgkIARiBxpunySoQ9dOJ3Jjwv_I7
1811,CgkIARjg99SLySoQ9dOJ3Jjwv_I7
1812,CgkIARiFpe_lyCoQ9dOJ3Jjwv_I7
1813,CgkIARih6cm2yCoQ9dOJ3Jjwv_I7
1814,CgkIARihjO60yCoQ9dOJ3Jjwv_I7
1815,CgkIARjAjJePyCoQ9dOJ3Jjwv_I7
1816,CgkIARihh7_jxyoQ9dOJ3Jjwv_I7
1817,CgkIARiB8OO6xyoQ9dOJ3Jjwv_I7
1818,CgkIARjByuSpxyoQ9dOJ3Jjwv_I7
1819,CgkIARjAj6WNxyoQ9dOJ3Jjwv_I7
1820,CgkIARjgoJzaxioQ9dOJ3Jjwv_I7
1821,CgkIARig95TaxioQ9dOJ3Jjwv_I7
1822,CgkIARjBztv3xSoQ9dOJ3Jjwv_I7
1823,CgkIARiB4t7fxSoQ9dOJ3Jjwv_I7
1824,CgkIARjAuLHCxSoQ9dOJ3Jjwv_I7
1825,CgkIARiDu8fuxCoQ9dOJ3Jjwv_I7
1826,CgkIARjgtI3HxCoQ9dOJ3Jjwv_I7
1827,CgkIARig4Ln1wyoQ9dOJ3Jjwv_I7
1828,CgkIARih0OL6wioQ9dOJ3Jjwv_I7
1829,CgkIARjh4fT5wioQ9dOJ3Jjwv_I7
1830,CgkIARiAuYfSwioQ9dOJ3Jjwv_I7
1831,CgkIARjFrbCYwSoQ9dOJ3Jjwv_I7
1832,CgkIARjAj_3YwCoQ9dOJ3Jjwv_I7
1833,CgkIARjiyKHYwCoQ9dOJ3Jjwv_I7
1834,CgkIARjBo8TNwCoQ9dOJ3Jjwv_I7
1835,CgkIARjggobNwCoQ9dOJ3Jjwv_I7
1836,CgkIARjEt7-HwCoQ9dOJ3Jjwv_I7
1837,CgkIARjizvvmvyoQ9dOJ3Jjwv_I7
1838,CgkIARjgsaqjvyoQ9dOJ3Jjwv_I7
1839,CgkIARih_OuMvyoQ9dOJ3Jjwv_I7
1840,CgkIARjAiMz9vioQ9dOJ3Jjwv_I7
1841,CgkIARjB4q79vioQ9dOJ3Jjwv_I7
1842,CgkIARjBosCPvioQ9dOJ3Jjwv_I7
1843,CgkIARjBleKWvSoQ9dOJ3Jjwv_I7
1844,CgkIARjgqJaHvSoQ9dOJ3Jjwv_I7
1845,CgkIARii-fblvCoQ9dOJ3Jjwv_I7
1846,CgkIARiC5LLDvCoQ9dOJ3Jjwv_I7
1847,CgkIARjj4dOZvCoQ9dOJ3Jjwv_I7
1848,CgkIARjg2-GVvCoQ9dOJ3Jjwv_I7
1849,CgkIARiA2pmHvCoQ9dOJ3Jjwv_I7
1850,CgkIARjBr4ruuyoQ9dOJ3Jjwv_I7
1851,CgkIARjDtt7tuyoQ9dOJ3Jjwv_I7
1852,CgkIARjBtKHKuyoQ9dOJ3Jjwv_I7
1853,CgkIARjFrq_GuyoQ9dOJ3Jjwv_I7
1854,CgkIARiAspnGuyoQ9dOJ3Jjwv_I7
1855,CgkIARiB7oOguioQ9dOJ3Jjwv_I7
1856,CgkIARjh1IqduioQ9dOJ3Jjwv_I7
1857,CgkIARjBgpb1uSoQ9dOJ3Jjwv_I7
1858,CgkIARjgtuWFuSoQ9dOJ3Jjwv_I7
1859,CgkIARjByPPtuCoQ9dOJ3Jjwv_I7
1860,CgkIARjAzsaouCoQ9dOJ3Jjwv_I7
1861,CgkIARjgjr-nuCoQ9dOJ3Jjwv_I7
1862,CgkIARjA9uK5tyoQ9dOJ3Jjwv_I7
1863,CgkIARjh2o6ktyoQ9dOJ3Jjwv_I7
1864,CgkIARjkye2ityoQ9dOJ3Jjwv_I7
1865,CgkIARjCusGhtyoQ9dOJ3Jjwv_I7
1866,CgkIARjgv6ChtyoQ9dOJ3Jjwv_I7
1867,CgkIARjC1NT8tioQ9dOJ3Jjwv_I7
1868,CgkIARiAsOustioQ9dOJ3Jjwv_I7
1869,CgkIARiD04-rtioQ9dOJ3Jjwv_I7
1870,CgkIARjDhKeJtioQ9dOJ3Jjwv_I7
1871,CgkIARiCz8LVtSoQ9dOJ3Jjwv_I7
1872,CgkIARjh6_-6tSoQ9dOJ3Jjwv_I7
1873,CgkIARjiqN2xtSoQ9dOJ3Jjwv_I7
1874,CgkIARjC5cWTtSoQ9dOJ3Jjwv_I7
1875,CgkIARjh56uRtSoQ9dOJ3Jjwv_I7
1876,CgkIARjD18qFtSoQ9dOJ3Jjwv_I7
1877,CgkIARiA0eeDtSoQ9dOJ3Jjwv_I7
1878,CgkIARjhjfaCtSoQ9dOJ3Jjwv_I7
1879,CgkIARjhsPu3tCoQ9dOJ3Jjwv_I7
1880,CgkIARjio5brsyoQ9dOJ3Jjwv_I7
1881,CgkIARiBqfXqsyoQ9dOJ3Jjwv_I7
1882,CgkIARjAmuPBsyoQ9dOJ3Jjwv_I7
1883,CgkIARihmsG7syoQ9dOJ3Jjwv_I7
1884,CgkIARiB0Pu6syoQ9dOJ3Jjwv_I7
1885,CgkIARjC0uT1sioQ9dOJ3Jjwv_I7
1886,CgkIARjihZT4sCoQ9dOJ3Jjwv_I7
1887,CgkIARjA4L3BsCoQ9dOJ3Jjwv_I7
1888,CgkIARjB_ozRryoQ9dOJ3Jjwv_I7
1889,CgkIARiCr9evrioQ9dOJ3Jjwv_I7
1890,CgkIARjEmee5rCoQ9dOJ3Jjwv_I7
1891,CgkIARiBn4SQqyoQ9dOJ3Jjwv_I7
1892,CgkIARjCvsXiqioQ9dOJ3Jjwv_I7
1893,CgkIARjA8M2-qioQ9dOJ3Jjwv_I7
1894,CgkIARiA0L_sqSoQ9dOJ3Jjwv_I7
1895,CgkIARji7s7xqCoQ9dOJ3Jjwv_I7
1896,CgkIARiAuvbtqCoQ9dOJ3Jjwv_I7
1897,CgkIARjEz9LJpyoQ9dOJ3Jjwv_I7
1898,CgkIARjg-s7JpyoQ9dOJ3Jjwv_I7
1899,CgkIARiBpsvJpyoQ9dOJ3Jjwv_I7
1900,CgkIARihmvimpioQ9dOJ3Jjwv_I7
1901,CgkIARjCz8j8pSoQ9dOJ3Jjwv_I7
1902,CgkIARiggPrHpSoQ9dOJ3Jjwv_I7
1903,CgkIARjik_2vpSoQ9dOJ3Jjwv_I7
1904,CgkIARig8fagpSoQ9dOJ3Jjwv_I7
1905,CgkIARikvMXYoyoQ9dOJ3Jjwv_I7
1906,CgkIARjDvrn-oioQ9dOJ3Jjwv_I7
1907,CgkIARiEzpWuoioQ9dOJ3Jjwv_I7
1908,CgkIARig0vq8oSoQ9dOJ3Jjwv_I7
1909,CgkIARiA5Z7moCoQ9dOJ3Jjwv_I7
1910,CgkIARiAwMSYoCoQ9dOJ3Jjwv_I7
1911,CgkIARih762ZnSoQ9dOJ3Jjwv_I7
1912,CgkIARiikrPOnCoQ9dOJ3Jjwv_I7
1913,CgkIARih_vKtnCoQ9dOJ3Jjwv_I7
1914,CgkIARik1szPmyoQ9dOJ3Jjwv_I7
1915,CgkIARjBhs-KmioQ9dOJ3Jjwv_I7
1916,CgkIARjBlpy4mSoQ9dOJ3Jjwv_I7
1917,CgkIARiAjPqImCoQ9dOJ3Jjwv_I7
1918,CgkIARiCiPntlyoQ9dOJ3Jjwv_I7
1919,CgkIARjgs5PdlyoQ9dOJ3Jjwv_I7
1920,CgkIARjgjoXKlyoQ9dOJ3Jjwv_I7
1921,CgkIARiC4o-zlyoQ9dOJ3Jjwv_I7
1922,CgkIARiizK2hlyoQ9dOJ3Jjwv_I7
1923,CgkIARihq9vClioQ9dOJ3Jjwv_I7
1924,CgkIARigjJLClioQ9dOJ3Jjwv_I7
1925,CgkIARiBqfyYlioQ9dOJ3Jjwv_I7
1926,CgkIARiBg9-YlioQ9dOJ3Jjwv_I7
1927,CgkIARjhqNqSlioQ9dOJ3Jjwv_I7
1928,CgkIARjAw4fGlSoQ9dOJ3Jjwv_I7
1929,CgkIARiBtrjPlCoQ9dOJ3Jjwv_I7
1930,CgkIARjB3-zAlCoQ9dOJ3Jjwv_I7
1931,CgkIARiC2_qnlCoQ9dOJ3Jjwv_I7
1932,CgkIARjFkqqnlCoQ9dOJ3Jjwv_I7
1933,CgkIARjg4PeWlCoQ9dOJ3Jjwv_I7
1934,CgkIARjCpNqVlCoQ9dOJ3Jjwv_I7
1935,CgkIARjA9Mn2kyoQ9dOJ3Jjwv_I7
1936,CgkIARjDldfukyoQ9dOJ3Jjwv_I7
1937,CgkIARjkltj3kSoQ9dOJ3Jjwv_I7
1938,CgkIARjgq4-QkSoQ9dOJ3Jjwv_I7
1939,CgkIARiCi9-3kCoQ9dOJ3Jjwv_I7
1940,CgkIARjim96ykCoQ9dOJ3Jjwv_I7
1941,CgkIARjh4pbTjyoQ9dOJ3Jjwv_I7
1942,CgkIARigj_iLjyoQ9dOJ3Jjwv_I7
1943,CgkIARjixI2MjSoQ9dOJ3Jjwv_I7
1944,CgkIARjDnqjojCoQ9dOJ3Jjwv_I7
1945,CgkIARij0OigjCoQ9dOJ3Jjwv_I7
1946,CgkIARiB0t2gjCoQ9dOJ3Jjwv_I7
1947,CgkIARiku6DniyoQ9dOJ3Jjwv_I7
1948,CgkIARjgyZPHiyoQ9dOJ3Jjwv_I7
1949,CgkIARjBpevGiyoQ9dOJ3Jjwv_I7
1950,CgkIARiByryhiyoQ9dOJ3Jjwv_I7
1951,CgkIARigkLmniCoQ9dOJ3Jjwv_I7
1952,CgkIARjg6M-BiCoQ9dOJ3Jjwv_I7
1953,CgkIARii4tSKhyoQ9dOJ3Jjwv_I7
1954,CgkIARjA4c-uhioQ9dOJ3Jjwv_I7
1955,CgkIARjis8uqhioQ9dOJ3Jjwv_I7
1956,CgkIARig2qLqhCoQ9dOJ3Jjwv_I7
1957,CgkIARihhJvohCoQ9dOJ3Jjwv_I7
1958,CgkIARiA-c2_gioQ9dOJ3Jjwv_I7
1959,CgkIARiA5ZTzgSoQ9dOJ3Jjwv_I7
1960,CgkIARiivrSEgCoQ9dOJ3Jjwv_I7
1961,CgkIARiho8aBgCoQ9dOJ3Jjwv_I7
1962,CgkIARiC0qyBgCoQ9dOJ3Jjwv_I7
1963,CgkIARiBwbjx_ykQ9dOJ3Jjwv_I7
1964,CgkIARjAyM2E_ikQ9dOJ3Jjwv_I7
1965,CgkIARiBu5aD_ikQ9dOJ3Jjwv_I7
1966,CgkIARiBvp2t_SkQ9dOJ3Jjwv_I7
1967,CgkIARigx9eq_SkQ9dOJ3Jjwv_I7
1968,CgkIARig9u3Y_CkQ9dOJ3Jjwv_I7
1969,CgkIARiBz8zW_CkQ9dOJ3Jjwv_I7
1970,CgkIARih09Cu_CkQ9dOJ3Jjwv_I7
1971,CgkIARiiz_yE_CkQ9dOJ3Jjwv_I7
1972,CgkIARiEzfDp-ykQ9dOJ3Jjwv_I7
1973,CgkIARjAtezm-ykQ9dOJ3Jjwv_I7
1974,CgkIARjg3e_k-ykQ9dOJ3Jjwv_I7
1975,CgkIARjBid3i-ykQ9dOJ3Jjwv_I7
1976,CgkIARiguMPi-ykQ9dOJ3Jjwv_I7
1977,CgkIARiC3dzg-ykQ9dOJ3Jjwv_I7
1978,CgkIARjC4orY-ykQ9dOJ3Jjwv_I7
1979,CgkIARig9uOL-ykQ9dOJ3Jjwv_I7
1980,CgkIARjg8Lzo-ikQ9dOJ3Jjwv_I7
1981,CgkIARig_ZXJ-CkQ9dOJ3Jjwv_I7
1982,CgkIARigp47H-CkQ9dOJ3Jjwv_I7
1983,CgkIARiBiqml9ykQ9dOJ3Jjwv_I7
1984,CgkIARig1-779ikQ9dOJ3Jjwv_I7
1985,CgkIARjBvu3K9ikQ9dOJ3Jjwv_I7
1986,CgkIARiBnseD9SkQ9dOJ3Jjwv_I7
1987,CgkIARji-Y3i8ykQ9dOJ3Jjwv_I7
1988,CgkIARjgrJSK8ikQ9dOJ3Jjwv_I7
1989,CgkIARjBgJin7SkQ9dOJ3Jjwv_I7
1990,CgkIARikifai7CkQ9dOJ3Jjwv_I7
1991,CgkIARjgtd6v6ykQ9dOJ3Jjwv_I7
1992,CgkIARjimKLo6SkQ9dOJ3Jjwv_I7
1993,CgkIARiCy-_u5ykQ9dOJ3Jjwv_I7
1994,CgkIARih9bbk5ykQ9dOJ3Jjwv_I7
1995,CgkIARiBsJbo5ikQ9dOJ3Jjwv_I7
1996,CgkIARii4ubn5ikQ9dOJ3Jjwv_I7
1997,CgkIARig5_3D5ikQ9dOJ3Jjwv_I7
1998,CgkIARjj6ufD5ikQ9dOJ3Jjwv_I7
1999,CgkIARjjloL34ykQ9dOJ3Jjwv_I7
2000,CgkIARjimr6r4ykQ9dOJ3Jjwv_I7
2001,CgkIARiisYPX4SkQ9dOJ3Jjwv_I7
2002,CgkIARjA85mw4SkQ9dOJ3Jjwv_I7
2003,CgkIARji2YmS4SkQ9dOJ3Jjwv_I7
2004,CgkIARigiPGv3ykQ9dOJ3Jjwv_I7
2005,CgkIARiBt9ev3ykQ9dOJ3Jjwv_I7
2006,CgkIARihhpXD3ikQ9dOJ3Jjwv_I7
2007,CgkIARjCl5Pk3SkQ9dOJ3Jjwv_I7
2008,CgkIARjB8fXj3SkQ9dOJ3Jjwv_I7
2009,CgkIARiAxdaY3SkQ9dOJ3Jjwv_I7
2010,CgkIARjFm93A3CkQ9dOJ3Jjwv_I7
2011,CgkIARiAyvuc3CkQ9dOJ3Jjwv_I7
2012,CgkIARjgy_Cc3CkQ9dOJ3Jjwv_I7
2013,CgkIARigoumc3CkQ9dOJ3Jjwv_I7
2014,CgkIARig-eDC2ykQ9dOJ3Jjwv_I7
2015,CgkIARiBteeo2ykQ9dOJ3Jjwv_I7
2016,CgkIARiiq_Dy2ikQ9dOJ3Jjwv_I7
2017,CgkIARjgj5Hy2ikQ9dOJ3Jjwv_I7
2018,CgkIARiAxpbS2ikQ9dOJ3Jjwv_I7
2019,CgkIARjhho732SkQ9dOJ3Jjwv_I7
2020,CgkIARjgho732SkQ9dOJ3Jjwv_I7
2021,CgkIARijyJHM2SkQ9dOJ3Jjwv_I7
2022,CgkIARiAgaaE2SkQ9dOJ3Jjwv_I7
2023,CgkIARigl5Xk1ykQ9dOJ3Jjwv_I7
2024,CgkIARiC9pmr1ykQ9dOJ3Jjwv_I7
2025,CgkIARjh9-iN1ykQ9dOJ3Jjwv_I7
2026,CgkIARiB55aE1ykQ9dOJ3Jjwv_I7
2027,CgkIARiB4YW31ikQ9dOJ3Jjwv_I7
2028,CgkIARih9PTA1SkQ9dOJ3Jjwv_I7
2029,CgkIARigoebA1SkQ9dOJ3Jjwv_I7
2030,CgkIARjB283y1CkQ9dOJ3Jjwv_I7
2031,CgkIARiAuvzt1CkQ9dOJ3Jjwv_I7
2032,CgkIARjig9jE1CkQ9dOJ3Jjwv_I7
2033,CgkIARjG2b3A1CkQ9dOJ3Jjwv_I7
2034,CgkIARjCruDN0ikQ9dOJ3Jjwv_I7
2035,CgkIARijsNXN0ikQ9dOJ3Jjwv_I7
2036,CgkIARiB37vN0ikQ9dOJ3Jjwv_I7
2037,CgkIARiBjK3N0ikQ9dOJ3Jjwv_I7
2038,CgkIARjijaLN0ikQ9dOJ3Jjwv_I7
2039,CgkIARjB_vXL0ikQ9dOJ3Jjwv_I7
2040,CgkIARigkvzw0SkQ9dOJ3Jjwv_I7
2041,CgkIARii4vKl0SkQ9dOJ3Jjwv_I7
2042,CgkIARiBh4yk0SkQ9dOJ3Jjwv_I7
2043,CgkIARii1uiA0SkQ9dOJ3Jjwv_I7
2044,CgkIARjAzumH0CkQ9dOJ3Jjwv_I7
2045,CgkIARik-taF0CkQ9dOJ3Jjwv_I7
2046,CgkIARiBjs-C0CkQ9dOJ3Jjwv_I7
2047,CgkIARih2O_HyykQ9dOJ3Jjwv_I7
2048,CgkIARiB35f0ySkQ9dOJ3Jjwv_I7
2049,CgkIARjA6dXzySkQ9dOJ3Jjwv_I7
2050,CgkIARiCsJbCySkQ9dOJ3Jjwv_I7
2051,CgkIARjC7pnBySkQ9dOJ3Jjwv_I7
2052,CgkIARjg24PAySkQ9dOJ3Jjwv_I7
2053,CgkIARiCn-SfyCkQ9dOJ3Jjwv_I7
2054,CgkIARih2daAxSkQ9dOJ3Jjwv_I7
2055,CgkIARjC6a2_wykQ9dOJ3Jjwv_I7
2056,CgkIARiB6OjtwikQ9dOJ3Jjwv_I7
2057,CgkIARiCwsvtwikQ9dOJ3Jjwv_I7
2058,CgkIARiiuuTpwikQ9dOJ3Jjwv_I7
2059,CgkIARiAw63pwikQ9dOJ3Jjwv_I7
2060,CgkIARih3eLKwikQ9dOJ3Jjwv_I7
2061,CgkIARjhtunIwSkQ9dOJ3Jjwv_I7
2062,CgkIARjhhZP-vykQ9dOJ3Jjwv_I7
2063,CgkIARjAh4zZvSkQ9dOJ3Jjwv_I7
2064,CgkIARih8fq2vCkQ9dOJ3Jjwv_I7
2065,CgkIARihnZjjuykQ9dOJ3Jjwv_I7
2066,CgkIARjBrZyTuikQ9dOJ3Jjwv_I7
2067,CgkIARiAvc-stykQ9dOJ3Jjwv_I7
2068,CgkIARihy833tikQ9dOJ3Jjwv_I7
2069,CgkIARihrb3ctCkQ9dOJ3Jjwv_I7
2070,CgkIARjB7OGHtCkQ9dOJ3Jjwv_I7
2071,CgkIARjDmP-zsykQ9dOJ3Jjwv_I7
2072,CgkIARiB7_ezsykQ9dOJ3Jjwv_I7
2073,CgkIARig_rixsikQ9dOJ3Jjwv_I7
2074,CgkIARigu_6ysSkQ9dOJ3Jjwv_I7
2075,CgkIARiB-9-WsSkQ9dOJ3Jjwv_I7
2076,CgkIARijmOjcsCkQ9dOJ3Jjwv_I7
2077,CgkIARigsfryrykQ9dOJ3Jjwv_I7
2078,CgkIARihmLjyrikQ9dOJ3Jjwv_I7
2079,CgkIARii-P-vqykQ9dOJ3Jjwv_I7
2080,CgkIARjBtKjgqCkQ9dOJ3Jjwv_I7
2081,CgkIARiC5YPgqCkQ9dOJ3Jjwv_I7
2082,CgkIARiBj-u8pykQ9dOJ3Jjwv_I7
2083,CgkIARiApaOapykQ9dOJ3Jjwv_I7
2084,CgkIARjik7r1pikQ9dOJ3Jjwv_I7
2085,CgkIARiAhZTupSkQ9dOJ3Jjwv_I7
2086,CgkIARiEnuvqpSkQ9dOJ3Jjwv_I7
2087,CgkIARjg9qqfpSkQ9dOJ3Jjwv_I7
2088,CgkIARiA7s2FoikQ9dOJ3Jjwv_I7
2089,CgkIARih_vfSoCkQ9dOJ3Jjwv_I7
2090,CgkIARjC7dK6oCkQ9dOJ3Jjwv_I7
2091,CgkIARiB2-znnykQ9dOJ3Jjwv_I7
2092,CgkIARjBvZKxnikQ9dOJ3Jjwv_I7
2093,CgkIARiAzJqNnSkQ9dOJ3Jjwv_I7
2094,CgkIARjiga_vnCkQ9dOJ3Jjwv_I7
2095,CgkIARiA9uztnCkQ9dOJ3Jjwv_I7
2096,CgkIARiAgoW7nCkQ9dOJ3Jjwv_I7
2097,CgkIARiA9MTGmykQ9dOJ3Jjwv_I7
2098,CgkIARjAuoWVmykQ9dOJ3Jjwv_I7
2099,CgkIARiA8P7EmikQ9dOJ3Jjwv_I7
2100,CgkIARjh9MqEmCkQ9dOJ3Jjwv_I7
2101,CgkIARig5d2zlykQ9dOJ3Jjwv_I7
2102,CgkIARig8e6slykQ9dOJ3Jjwv_I7
2103,CgkIARiBt--FlykQ9dOJ3Jjwv_I7
2104,CgkIARjhuOSFlykQ9dOJ3Jjwv_I7
2105,CgkIARiBkdKFlykQ9dOJ3Jjwv_I7
2106,CgkIARji9MeLlikQ9dOJ3Jjwv_I7
2107,CgkIARiChriElikQ9dOJ3Jjwv_I7
2108,CgkIARjg8dyxlSkQ9dOJ3Jjwv_I7
2109,CgkIARjgzqC-lCkQ9dOJ3Jjwv_I7
2110,CgkIARiju_6MlCkQ9dOJ3Jjwv_I7
2111,CgkIARiA0u-LlCkQ9dOJ3Jjwv_I7
2112,CgkIARih_euLlCkQ9dOJ3Jjwv_I7
2113,CgkIARiB_-CLlCkQ9dOJ3Jjwv_I7
2114,CgkIARiCvc3vkykQ9dOJ3Jjwv_I7
2115,CgkIARiiv-DekykQ9dOJ3Jjwv_I7
2116,CgkIARjhn4DDkykQ9dOJ3Jjwv_I7
2117,CgkIARig_PjukikQ9dOJ3Jjwv_I7
2118,CgkIARjhovbLkSkQ9dOJ3Jjwv_I7
2119,CgkIARih-e7LkSkQ9dOJ3Jjwv_I7
2120,CgkIARihpuDLkSkQ9dOJ3Jjwv_I7
2121,CgkIARiBqNXLkSkQ9dOJ3Jjwv_I7
2122,CgkIARiB57_7jykQ9dOJ3Jjwv_I7
2123,CgkIARii39j3jykQ9dOJ3Jjwv_I7
2124,CgkIARiilbzRjykQ9dOJ3Jjwv_I7
2125,CgkIARiDoMnIjykQ9dOJ3Jjwv_I7
2126,CgkIARjBtsyGjykQ9dOJ3Jjwv_I7
2127,CgkIARihsJmzjikQ9dOJ3Jjwv_I7
2128,CgkIARjh4ILbjSkQ9dOJ3Jjwv_I7
2129,CgkIARiCyba0jSkQ9dOJ3Jjwv_I7
2130,CgkIARjCsOWxjCkQ9dOJ3Jjwv_I7
2131,CgkIARjg8N2wjCkQ9dOJ3Jjwv_I7
2132,CgkIARjirt-QiykQ9dOJ3Jjwv_I7
2133,CgkIARjg29CQiykQ9dOJ3Jjwv_I7
2134,CgkIARig97bliikQ9dOJ3Jjwv_I7
2135,CgkIARiBo6i-iCkQ9dOJ3Jjwv_I7
2136,CgkIARijvJf0hikQ9dOJ3Jjwv_I7
2137,CgkIARih35yphikQ9dOJ3Jjwv_I7
2138,CgkIARiAqtCuhCkQ9dOJ3Jjwv_I7
2139,CgkIARjg2LauhCkQ9dOJ3Jjwv_I7
2140,CgkIARih6sithCkQ9dOJ3Jjwv_I7
2141,CgkIARigl7qthCkQ9dOJ3Jjwv_I7
2142,CgkIARjA_ouLhCkQ9dOJ3Jjwv_I7
2143,CgkIARiB5KOCgykQ9dOJ3Jjwv_I7
2144,CgkIARiB3NWRgikQ9dOJ3Jjwv_I7
2145,CgkIARjg3qyNgikQ9dOJ3Jjwv_I7
2146,CgkIARjCmKDI_ygQ9dOJ3Jjwv_I7
2147,CgkIARihvN6e_ygQ9dOJ3Jjwv_I7
2148,CgkIARii19rJ_igQ9dOJ3Jjwv_I7
2149,CgkIARjirdPJ_igQ9dOJ3Jjwv_I7
2150,CgkIARiAjZXJ_igQ9dOJ3Jjwv_I7
2151,CgkIARjhip6q_SgQ9dOJ3Jjwv_I7
2152,CgkIARiB6tyw-ygQ9dOJ3Jjwv_I7
2153,CgkIARjBxtyw-igQ9dOJ3Jjwv_I7
2154,CgkIARjCwMjq9ygQ9dOJ3Jjwv_I7
2155,CgkIARjAh72G8igQ9dOJ3Jjwv_I7
2156,CgkIARjAnYOM8SgQ9dOJ3Jjwv_I7
2157,CgkIARiCwtu68CgQ9dOJ3Jjwv_I7
2158,CgkIARijjKiP8CgQ9dOJ3Jjwv_I7
2159,CgkIARiiwM7F7ygQ9dOJ3Jjwv_I7
2160,CgkIARiBwKy_7ygQ9dOJ3Jjwv_I7
2161,CgkIARjB7Zzl7igQ9dOJ3Jjwv_I7
2162,CgkIARjg2u7u7SgQ9dOJ3Jjwv_I7
2163,CgkIARiCl5PE7SgQ9dOJ3Jjwv_I7
2164,CgkIARig4rrA7SgQ9dOJ3Jjwv_I7
2165,CgkIARjA3v7P6ygQ9dOJ3Jjwv_I7
2166,CgkIARihpcLb6igQ9dOJ3Jjwv_I7
2167,CgkIARjgsIX76CgQ9dOJ3Jjwv_I7
2168,CgkIARiB8KLS6CgQ9dOJ3Jjwv_I7
2169,CgkIARjCoeDN6CgQ9dOJ3Jjwv_I7
2170,CgkIARjAsfm16CgQ9dOJ3Jjwv_I7
2171,CgkIARig35mK5ygQ9dOJ3Jjwv_I7
2172,CgkIARihsPK65igQ9dOJ3Jjwv_I7
2173,CgkIARjC8Oq55igQ9dOJ3Jjwv_I7
2174,CgkIARiin9G55igQ9dOJ3Jjwv_I7
2175,CgkIARjBq4S55igQ9dOJ3Jjwv_I7
2176,CgkIARjBzqi35igQ9dOJ3Jjwv_I7
2177,CgkIARiCo4qx5igQ9dOJ3Jjwv_I7
2178,CgkIARiB_4qL5igQ9dOJ3Jjwv_I7
2179,CgkIARih96CO5CgQ9dOJ3Jjwv_I7
2180,CgkIARigvcrB4ygQ9dOJ3Jjwv_I7
2181,CgkIARjCr8uc4ygQ9dOJ3Jjwv_I7
2182,CgkIARjBzced4igQ9dOJ3Jjwv_I7
2183,CgkIARjgurGc4igQ9dOJ3Jjwv_I7
2184,CgkIARjgxeCZ4igQ9dOJ3Jjwv_I7
2185,CgkIARii-vfN4SgQ9dOJ3Jjwv_I7
2186,CgkIARig4oLN4SgQ9dOJ3Jjwv_I7
2187,CgkIARjh7MDM4SgQ9dOJ3Jjwv_I7
2188,CgkIARjA7rXM4SgQ9dOJ3Jjwv_I7
2189,CgkIARiFsZud4SgQ9dOJ3Jjwv_I7
2190,CgkIARik2f_R4CgQ9dOJ3Jjwv_I7
2191,CgkIARjCxNLK4CgQ9dOJ3Jjwv_I7
2192,CgkIARjg2tmf4CgQ9dOJ3Jjwv_I7
2193,CgkIARigqtiC4CgQ9dOJ3Jjwv_I7
2194,CgkIARjAgsaC4CgQ9dOJ3Jjwv_I7
2195,CgkIARjDqOrW3ygQ9dOJ3Jjwv_I7
2196,CgkIARih_rTk3CgQ9dOJ3Jjwv_I7
2197,CgkIARjA7cOR3CgQ9dOJ3Jjwv_I7
2198,CgkIARjBmrWR3CgQ9dOJ3Jjwv_I7
2199,CgkIARjB7IS62igQ9dOJ3Jjwv_I7
2200,CgkIARiEo8jw2CgQ9dOJ3Jjwv_I7
2201,CgkIARjh4JLO2CgQ9dOJ3Jjwv_I7
2202,CgkIARiE4rKg1ygQ9dOJ3Jjwv_I7
2203,CgkIARiC_oKf1ygQ9dOJ3Jjwv_I7
2204,CgkIARiig-Ke1ygQ9dOJ3Jjwv_I7
2205,CgkIARji4IiB1ygQ9dOJ3Jjwv_I7
2206,CgkIARiCjIWB1ygQ9dOJ3Jjwv_I7
2207,CgkIARjjjfqA1ygQ9dOJ3Jjwv_I7
2208,CgkIARjAvdCk1igQ9dOJ3Jjwv_I7
2209,CgkIARii5avm1CgQ9dOJ3Jjwv_I7
2210,CgkIARiA4pDe1CgQ9dOJ3Jjwv_I7
2211,CgkIARjghPSM1CgQ9dOJ3Jjwv_I7
2212,CgkIARiBjqS90igQ9dOJ3Jjwv_I7
2213,CgkIARig_8Kc0igQ9dOJ3Jjwv_I7
2214,CgkIARjBqr-c0igQ9dOJ3Jjwv_I7
2215,CgkIARjh8ZLv0SgQ9dOJ3Jjwv_I7
2216,CgkIARiEsovu0SgQ9dOJ3Jjwv_I7
2217,CgkIARiinbykzygQ9dOJ3Jjwv_I7
2218,CgkIARjC_P2jzygQ9dOJ3Jjwv_I7
2219,CgkIARihq-SjzygQ9dOJ3Jjwv_I7
2220,CgkIARjArIvKzSgQ9dOJ3Jjwv_I7
2221,CgkIARjCi9-IzSgQ9dOJ3Jjwv_I7
2222,CgkIARjixIOIzSgQ9dOJ3Jjwv_I7
2223,CgkIARjg_KOFzSgQ9dOJ3Jjwv_I7
2224,CgkIARiA2Lf4zCgQ9dOJ3Jjwv_I7
2225,CgkIARjBs6zmySgQ9dOJ3Jjwv_I7
2226,CgkIARilrZjcySgQ9dOJ3Jjwv_I7
2227,CgkIARjgsILcySgQ9dOJ3Jjwv_I7
2228,CgkIARjB_8GrxSgQ9dOJ3Jjwv_I7
2229,CgkIARjh1KWIxCgQ9dOJ3Jjwv_I7
2230,CgkIARjhq7z3wygQ9dOJ3Jjwv_I7
2231,CgkIARjht4iKwygQ9dOJ3Jjwv_I7
2232,CgkIARihsPD9wigQ9dOJ3Jjwv_I7
2233,CgkIARiBwI39wigQ9dOJ3Jjwv_I7
2234,CgkIARigiPeQwigQ9dOJ3Jjwv_I7
2235,CgkIARij6byavSgQ9dOJ3Jjwv_I7
2236,CgkIARiD67GavSgQ9dOJ3Jjwv_I7
2237,CgkIARjj7KaavSgQ9dOJ3Jjwv_I7
2238,CgkIARjBouGZvSgQ9dOJ3Jjwv_I7
2239,CgkIARig6MKpvCgQ9dOJ3Jjwv_I7
2240,CgkIARiCr__guygQ9dOJ3Jjwv_I7
2241,CgkIARjBquDWuygQ9dOJ3Jjwv_I7
2242,CgkIARiAifCIuygQ9dOJ3Jjwv_I7
2243,CgkIARiB49KIuygQ9dOJ3Jjwv_I7
2244,CgkIARihp5m_tygQ9dOJ3Jjwv_I7
2245,CgkIARji9fC_tigQ9dOJ3Jjwv_I7
2246,CgkIARihzOm_tigQ9dOJ3Jjwv_I7
2247,CgkIARiCjrK_tCgQ9dOJ3Jjwv_I7
2248,CgkIARiBnLj8sSgQ9dOJ3Jjwv_I7
2249,CgkIARjhvdj4sSgQ9dOJ3Jjwv_I7
2250,CgkIARiAv-qisSgQ9dOJ3Jjwv_I7
2251,CgkIARjAvtrbsCgQ9dOJ3Jjwv_I7
2252,CgkIARiBuef9rygQ9dOJ3Jjwv_I7
2253,CgkIARiCubC_rigQ9dOJ3Jjwv_I7
2254,CgkIARjgwfm-rigQ9dOJ3Jjwv_I7
2255,CgkIARigyeutrigQ9dOJ3Jjwv_I7
2256,CgkIARijk_DerSgQ9dOJ3Jjwv_I7
2257,CgkIARiC7uy2rSgQ9dOJ3Jjwv_I7
2258,CgkIARiCm962rSgQ9dOJ3Jjwv_I7
2259,CgkIARih88u2rSgQ9dOJ3Jjwv_I7
2260,CgkIARjh0Ji2rSgQ9dOJ3Jjwv_I7
2261,CgkIARih3fvjrCgQ9dOJ3Jjwv_I7
2262,CgkIARji_JaZrCgQ9dOJ3Jjwv_I7
2263,CgkIARiD46yYrCgQ9dOJ3Jjwv_I7
2264,CgkIARjCgueWrCgQ9dOJ3Jjwv_I7
2265,CgkIARjA452WrCgQ9dOJ3Jjwv_I7
2266,CgkIARigq7zJqygQ9dOJ3Jjwv_I7
2267,CgkIARiAo-THqygQ9dOJ3Jjwv_I7
2268,CgkIARiij9-EqCgQ9dOJ3Jjwv_I7
2269,CgkIARiAi8O3pygQ9dOJ3Jjwv_I7
2270,CgkIARil2fW4pCgQ9dOJ3Jjwv_I7
2271,CgkIARjg9ba1pCgQ9dOJ3Jjwv_I7
2272,CgkIARjh-Ky-oigQ9dOJ3Jjwv_I7
2273,CgkIARjgoNf3oCgQ9dOJ3Jjwv_I7
2274,CgkIARjhw_v1oCgQ9dOJ3Jjwv_I7
2275,CgkIARjgw_v1oCgQ9dOJ3Jjwv_I7
2276,CgkIARii-JKqoCgQ9dOJ3Jjwv_I7
2277,CgkIARiC276poCgQ9dOJ3Jjwv_I7
2278,CgkIARih5_GooCgQ9dOJ3Jjwv_I7
2279,CgkIARjhyKD6nygQ9dOJ3Jjwv_I7
2280,CgkIARjA9_XYnigQ9dOJ3Jjwv_I7
2281,CgkIARiCpdjWnigQ9dOJ3Jjwv_I7
2282,CgkIARjA-9DWnigQ9dOJ3Jjwv_I7
2283,CgkIARijzdvUnigQ9dOJ3Jjwv_I7
2284,CgkIARjhiO2lnigQ9dOJ3Jjwv_I7
2285,CgkIARjEiuKlnigQ9dOJ3Jjwv_I7
2286,CgkIARjg0NP8nSgQ9dOJ3Jjwv_I7
2287,CgkIARiBg6T8nSgQ9dOJ3Jjwv_I7
2288,CgkIARiCgY32nSgQ9dOJ3Jjwv_I7
2289,CgkIARjD4ciqnCgQ9dOJ3Jjwv_I7
2290,CgkIARigpsi-mygQ9dOJ3Jjwv_I7
2291,CgkIARih15S8mygQ9dOJ3Jjwv_I7
2292,CgkIARiB7oW7mygQ9dOJ3Jjwv_I7
2293,CgkIARighei3mygQ9dOJ3Jjwv_I7
2294,CgkIARiBo_P-lygQ9dOJ3Jjwv_I7
2295,CgkIARiih5_plygQ9dOJ3Jjwv_I7
2296,CgkIARij-5TElygQ9dOJ3Jjwv_I7
2297,CgkIARiA38-wlygQ9dOJ3Jjwv_I7
2298,CgkIARiAqI62lSgQ9dOJ3Jjwv_I7
2299,CgkIARjjku23kygQ9dOJ3Jjwv_I7
2300,CgkIARigpe_akigQ9dOJ3Jjwv_I7
2301,CgkIARjh0_XBkSgQ9dOJ3Jjwv_I7
2302,CgkIARiA0Om7kSgQ9dOJ3Jjwv_I7
2303,CgkIARjAt_KbkCgQ9dOJ3Jjwv_I7
2304,CgkIARigj4j1jCgQ9dOJ3Jjwv_I7
2305,CgkIARjh5YD1jCgQ9dOJ3Jjwv_I7
2306,CgkIARiAicvUiigQ9dOJ3Jjwv_I7
2307,CgkIARih5tCShigQ9dOJ3Jjwv_I7
2308,CgkIARjivMmShigQ9dOJ3Jjwv_I7
2309,CgkIARig_OSW_ScQ9dOJ3Jjwv_I7
2310,CgkIARjD2rP5-ycQ9dOJ3Jjwv_I7
2311,CgkIARign_X6-ScQ9dOJ3Jjwv_I7
2312,CgkIARignPz4-ScQ9dOJ3Jjwv_I7
2313,CgkIARiCpq7I-ScQ9dOJ3Jjwv_I7
2314,CgkIARjE68uP9icQ9dOJ3Jjwv_I7
2315,CgkIARjAyYmN9icQ9dOJ3Jjwv_I7
2316,CgkIARjh2vmF9icQ9dOJ3Jjwv_I7
2317,CgkIARjg58bd9ScQ9dOJ3Jjwv_I7
2318,CgkIARiB1aaP9CcQ9dOJ3Jjwv_I7
2319,CgkIARjB-rej8ScQ9dOJ3Jjwv_I7
2320,CgkIARiC_OT_8CcQ9dOJ3Jjwv_I7
2321,CgkIARiBgovJ8CcQ9dOJ3Jjwv_I7
2322,CgkIARih3sn57icQ9dOJ3Jjwv_I7
2323,CgkIARigwZ7T7icQ9dOJ3Jjwv_I7
2324,CgkIARiB0bvS7icQ9dOJ3Jjwv_I7
2325,CgkIARjC4s3R7icQ9dOJ3Jjwv_I7
2326,CgkIARih6N-87ScQ9dOJ3Jjwv_I7
2327,CgkIARjigM2P7ScQ9dOJ3Jjwv_I7
2328,CgkIARiiz7yF7ScQ9dOJ3Jjwv_I7
2329,CgkIARjA2pTd7CcQ9dOJ3Jjwv_I7
2330,CgkIARiBpMfZ7CcQ9dOJ3Jjwv_I7
2331,CgkIARjAoMLr6ScQ9dOJ3Jjwv_I7
2332,CgkIARiBxfT86CcQ9dOJ3Jjwv_I7
2333,CgkIARjh5pT56CcQ9dOJ3Jjwv_I7
2334,CgkIARigupT36CcQ9dOJ3Jjwv_I7
2335,CgkIARjEwZ_55ycQ9dOJ3Jjwv_I7
2336,CgkIARiAmJj55ycQ9dOJ3Jjwv_I7
2337,CgkIARiCxYn55ycQ9dOJ3Jjwv_I7
2338,CgkIARiB2oX45ycQ9dOJ3Jjwv_I7
2339,CgkIARjAtNn15ycQ9dOJ3Jjwv_I7
2340,CgkIARiAxvLI5ycQ9dOJ3Jjwv_I7
2341,CgkIARjB9s3I5ycQ9dOJ3Jjwv_I7
2342,CgkIARjBuLvH5ycQ9dOJ3Jjwv_I7
2343,CgkIARiAs5KN4ScQ9dOJ3Jjwv_I7
2344,CgkIARji8b7m4CcQ9dOJ3Jjwv_I7
2345,CgkIARiCn77S3ScQ9dOJ3Jjwv_I7
2346,CgkIARjA9bbS3ScQ9dOJ3Jjwv_I7
2347,CgkIARik8KCU3CcQ9dOJ3Jjwv_I7
2348,CgkIARiAxd-t2ycQ9dOJ3Jjwv_I7
2349,CgkIARiDgN6-2CcQ9dOJ3Jjwv_I7
2350,CgkIARjik9a72CcQ9dOJ3Jjwv_I7
2351,CgkIARijx7GR2CcQ9dOJ3Jjwv_I7
2352,CgkIARiA1ZHt1ycQ9dOJ3Jjwv_I7
2353,CgkIARjgqvfo1ycQ9dOJ3Jjwv_I7
2354,CgkIARigw93n1ycQ9dOJ3Jjwv_I7
2355,CgkIARjh28Pm1ycQ9dOJ3Jjwv_I7
2356,CgkIARii7dXl1ycQ9dOJ3Jjwv_I7
2357,CgkIARjgxr2a1icQ9dOJ3Jjwv_I7
2358,CgkIARiCterL1ScQ9dOJ3Jjwv_I7
2359,CgkIARiBvL7L1ScQ9dOJ3Jjwv_I7
2360,CgkIARjA1d2v0ycQ9dOJ3Jjwv_I7
2361,CgkIARjhtYGr0ycQ9dOJ3Jjwv_I7
2362,CgkIARjArLvJyycQ9dOJ3Jjwv_I7
2363,CgkIARjgmaXIyycQ9dOJ3Jjwv_I7
2364,CgkIARih5KHLyicQ9dOJ3Jjwv_I7
2365,CgkIARjA4oO1yCcQ9dOJ3Jjwv_I7
2366,CgkIARjhy4jpxicQ9dOJ3Jjwv_I7
2367,CgkIARjgj8GzxicQ9dOJ3Jjwv_I7
2368,CgkIARiAjeTFwicQ9dOJ3Jjwv_I7
2369,CgkIARjBzLHLwScQ9dOJ3Jjwv_I7
2370,CgkIARjAosChwScQ9dOJ3Jjwv_I7
2371,CgkIARjg7oSzwCcQ9dOJ3Jjwv_I7
2372,CgkIARjCgNbquicQ9dOJ3Jjwv_I7
2373,CgkIARjAh6rquicQ9dOJ3Jjwv_I7
2374,CgkIARig88fDuicQ9dOJ3Jjwv_I7
2375,CgkIARigjceEtycQ9dOJ3Jjwv_I7
2376,CgkIARij8t_VticQ9dOJ3Jjwv_I7
2377,CgkIARjgwsvjsycQ9dOJ3Jjwv_I7
2378,CgkIARjDzce5sicQ9dOJ3Jjwv_I7
2379,CgkIARjhu-2WsicQ9dOJ3Jjwv_I7
2380,CgkIARjAtouesCcQ9dOJ3Jjwv_I7
2381,CgkIARjjhIOGricQ9dOJ3Jjwv_I7
2382,CgkIARiD0YmFrCcQ9dOJ3Jjwv_I7
2383,CgkIARiB7d3eqScQ9dOJ3Jjwv_I7
2384,CgkIARiA3sOkpCcQ9dOJ3Jjwv_I7
2385,CgkIARjC4a2kpCcQ9dOJ3Jjwv_I7
2386,CgkIARii36LrnycQ9dOJ3Jjwv_I7
2387,CgkIARiB4ZfrnycQ9dOJ3Jjwv_I7
2388,CgkIARjAlrDknycQ9dOJ3Jjwv_I7
2389,CgkIARjF3u2knScQ9dOJ3Jjwv_I7
2390,CgkIARihiJuGmycQ9dOJ3Jjwv_I7
2391,CgkIARiCr-CGmicQ9dOJ3Jjwv_I7
2392,CgkIARjh_4_dmScQ9dOJ3Jjwv_I7
2393,CgkIARjB0_3IiycQ9dOJ3Jjwv_I7
2394,CgkIARjC6IT3iCcQ9dOJ3Jjwv_I7
2395,CgkIARjAxciDiCcQ9dOJ3Jjwv_I7
2396,CgkIARjliNbUhicQ9dOJ3Jjwv_I7
2397,CgkIARjCxeTThicQ9dOJ3Jjwv_I7
2398,CgkIARiEzLa0hScQ9dOJ3Jjwv_I7
2399,CgkIARjB0-O8hCcQ9dOJ3Jjwv_I7
2400,CgkIARiA55rqgycQ9dOJ3Jjwv_I7
2401,CgkIARjg0tSTgicQ9dOJ3Jjwv_I7
2402,CgkIARiDhujFgScQ9dOJ3Jjwv_I7
2403,CgkIARjAssn-gCcQ9dOJ3Jjwv_I7
2404,CgkIARjgltafgCcQ9dOJ3Jjwv_I7
2405,CgkIARiA0-L__iYQ9dOJ3Jjwv_I7
2406,CgkIARiBq675_iYQ9dOJ3Jjwv_I7
2407,CgkIARiAjOX4_iYQ9dOJ3Jjwv_I7
2408,CgkIARihwNPS_iYQ9dOJ3Jjwv_I7
2409,CgkIARiE25_P_iYQ9dOJ3Jjwv_I7
2410,CgkIARiAiMzo_SYQ9dOJ3Jjwv_I7
2411,CgkIARiB5rbX_SYQ9dOJ3Jjwv_I7
2412,CgkIARih-b3W_SYQ9dOJ3Jjwv_I7
2413,CgkIARjlitDV_SYQ9dOJ3Jjwv_I7
2414,CgkIARjA5PjZ_CYQ9dOJ3Jjwv_I7
2415,CgkIARiiut7V_CYQ9dOJ3Jjwv_I7
2416,CgkIARjktLey_CYQ9dOJ3Jjwv_I7
2417,CgkIARjg6qHg-yYQ9dOJ3Jjwv_I7
2418,CgkIARiA1ZLd-yYQ9dOJ3Jjwv_I7
2419,CgkIARigtJ2e-iYQ9dOJ3Jjwv_I7
2420,CgkIARjgr4y8-SYQ9dOJ3Jjwv_I7
2421,CgkIARjB0Lmb-CYQ9dOJ3Jjwv_I7
2422,CgkIARjhqszJ9yYQ9dOJ3Jjwv_I7
2423,CgkIARjhjoOf9yYQ9dOJ3Jjwv_I7
2424,CgkIARji7Yqj9iYQ9dOJ3Jjwv_I7
2425,CgkIARjhtJ2m9SYQ9dOJ3Jjwv_I7
2426,CgkIARjjnKil9SYQ9dOJ3Jjwv_I7
2427,CgkIARjAzaz_9CYQ9dOJ3Jjwv_I7
2428,CgkIARjgwer99CYQ9dOJ3Jjwv_I7
2429,CgkIARjC_vWD8yYQ9dOJ3Jjwv_I7
2430,CgkIARiiwqHE8SYQ9dOJ3Jjwv_I7
2431,CgkIARijrqOR8CYQ9dOJ3Jjwv_I7
2432,CgkIARjB2Z-R8CYQ9dOJ3Jjwv_I7
2433,CgkIARjgoK797iYQ9dOJ3Jjwv_I7
2434,CgkIARihz_2l7CYQ9dOJ3Jjwv_I7
2435,CgkIARiluMvX6yYQ9dOJ3Jjwv_I7
2436,CgkIARiivdqq4SYQ9dOJ3Jjwv_I7
2437,CgkIARjg96Sb1SYQ9dOJ3Jjwv_I7
2438,CgkIARiAlMSR1SYQ9dOJ3Jjwv_I7
2439,CgkIARjA8ZCR1SYQ9dOJ3Jjwv_I7
2440,CgkIARig84WR1SYQ9dOJ3Jjwv_I7
2441,CgkIARiA9fqQ1SYQ9dOJ3Jjwv_I7
2442,CgkIARiA9IT70SYQ9dOJ3Jjwv_I7
2443,CgkIARjAn8OsziYQ9dOJ3Jjwv_I7
2444,CgkIARig7paWzSYQ9dOJ3Jjwv_I7
2445,CgkIARjg1_GVyyYQ9dOJ3Jjwv_I7
2446,CgkIARig5azyyCYQ9dOJ3Jjwv_I7
2447,CgkIARiAnrrWyCYQ9dOJ3Jjwv_I7
2448,CgkIARjgzr-SxCYQ9dOJ3Jjwv_I7
2449,CgkIARig982DvyYQ9dOJ3Jjwv_I7
2450,CgkIARiAgMvIviYQ9dOJ3Jjwv_I7
2451,CgkIARigq8fIviYQ9dOJ3Jjwv_I7
2452,CgkIARjAt-LSvSYQ9dOJ3Jjwv_I7
2453,CgkIARiBwqDSvSYQ9dOJ3Jjwv_I7
2454,CgkIARiAjLOrvCYQ9dOJ3Jjwv_I7
2455,CgkIARigt6-rvCYQ9dOJ3Jjwv_I7
2456,CgkIARjhjairvCYQ9dOJ3Jjwv_I7
2457,CgkIARjA6qOUuyYQ9dOJ3Jjwv_I7
2458,CgkIARjgwpGUuyYQ9dOJ3Jjwv_I7
2459,CgkIARjAvu7yuiYQ9dOJ3Jjwv_I7
2460,CgkIARiA4v38tiYQ9dOJ3Jjwv_I7
2461,CgkIARjgvdX8tiYQ9dOJ3Jjwv_I7
2462,CgkIARigzsCZtiYQ9dOJ3Jjwv_I7
2463,CgkIARjAyZvZtCYQ9dOJ3Jjwv_I7
2464,CgkIARiA76iStCYQ9dOJ3Jjwv_I7
2465,CgkIARjgqa6zsyYQ9dOJ3Jjwv_I7
2466,CgkIARiA2fvjsSYQ9dOJ3Jjwv_I7
2467,CgkIARjg9bjJsSYQ9dOJ3Jjwv_I7
2468,CgkIARiA77qVsSYQ9dOJ3Jjwv_I7
2469,CgkIARjA_rWOsSYQ9dOJ3Jjwv_I7
2470,CgkIARjghOboryYQ9dOJ3Jjwv_I7
2471,CgkIARjAz_2dryYQ9dOJ3Jjwv_I7
2472,CgkIARigkOearyYQ9dOJ3Jjwv_I7
2473,CgkIARjA9vyZryYQ9dOJ3Jjwv_I7
2474,CgkIARiA0rnnriYQ9dOJ3Jjwv_I7
2475,CgkIARjgzv-VriYQ9dOJ3Jjwv_I7
2476,CgkIARig-93VqyYQ9dOJ3Jjwv_I7
2477,CgkIARjglY-gqyYQ9dOJ3Jjwv_I7
2478,CgkIARihr4SMqyYQ9dOJ3Jjwv_I7
2479,CgkIARiAub2vqiYQ9dOJ3Jjwv_I7
2480,CgkIARignu65qCYQ9dOJ3Jjwv_I7
2481,CgkIARjAm8uDqCYQ9dOJ3Jjwv_I7
2482,CgkIARjA-qWWpyYQ9dOJ3Jjwv_I7
2483,CgkIARjAvteMpyYQ9dOJ3Jjwv_I7
2484,CgkIARiA74zvpiYQ9dOJ3Jjwv_I7
2485,CgkIARiggpTupiYQ9dOJ3Jjwv_I7
2486,CgkIARiA5OTFpiYQ9dOJ3Jjwv_I7
2487,CgkIARjAwbHFpiYQ9dOJ3Jjwv_I7
2488,CgkIARjhlJ3lpSYQ9dOJ3Jjwv_I7
2489,CgkIARig-b3kpSYQ9dOJ3Jjwv_I7
2490,CgkIARighqbXmSYQ9dOJ3Jjwv_I7
2491,CgkIARjgodexjyYQ9dOJ3Jjwv_I7
2492,CgkIARiA1KexjyYQ9dOJ3Jjwv_I7
2493,CgkIARigqOekjyYQ9dOJ3Jjwv_I7
2494,CgkIARiAhL-kjyYQ9dOJ3Jjwv_I7
2495,CgkIARjgufmjjyYQ9dOJ3Jjwv_I7
2496,CgkIARigjp2LjiYQ9dOJ3Jjwv_I7
2497,CgkIARigoKCIjiYQ9dOJ3Jjwv_I7
2498,CgkIARiA4KGXiiYQ9dOJ3Jjwv_I7
2499,CgkIARig6ITIhyYQ9dOJ3Jjwv_I7
2500,CgkIARjA97edhyYQ9dOJ3Jjwv_I7
2501,CgkIARjAqcD5hiYQ9dOJ3Jjwv_I7
2502,CgkIARiA5vWzhSYQ9dOJ3Jjwv_I7
2503,CgkIARigvLS4hCYQ9dOJ3Jjwv_I7
2504,CgkIARjg-uv8gyYQ9dOJ3Jjwv_I7
2505,CgkIARjA7_uvgyYQ9dOJ3Jjwv_I7
2506,CgkIARjApbnsgiYQ9dOJ3Jjwv_I7
2507,CgkIARjgiqiJgiYQ9dOJ3Jjwv_I7
2508,CgkIARiAwa3pgSYQ9dOJ3Jjwv_I7
2509,CgkIARjB7o_ngSYQ9dOJ3Jjwv_I7
2510,CgkIARig1f7ugCYQ9dOJ3Jjwv_I7
2511,CgkIARjAxIbIgCYQ9dOJ3Jjwv_I7
2512,
